frame_idx,t_s,type,team_id,from_player,to_player,note
27,0.9,possession_start,0,,12,
28,0.9333333333333333,touch,0,12.0,12,
29,0.9666666666666667,touch,0,12.0,12,
30,1.0,turnover,1,12.0,8,0->1
31,1.0333333333333334,touch,1,8.0,8,
32,1.0666666666666667,touch,1,8.0,8,
33,1.1,touch,1,8.0,8,
34,1.1333333333333333,touch,1,8.0,8,
35,1.1666666666666667,touch,1,8.0,8,
36,1.2,touch,1,8.0,8,
37,1.2333333333333334,turnover,0,8.0,12,1->0
38,1.2666666666666666,touch,0,12.0,12,
39,1.3,touch,0,12.0,12,
40,1.3333333333333333,touch,0,12.0,12,
41,1.3666666666666667,touch,0,12.0,12,
42,1.4,touch,0,12.0,12,
43,1.4333333333333333,touch,0,12.0,12,
44,1.4666666666666666,touch,0,12.0,12,
45,1.5,touch,0,12.0,12,
46,1.5333333333333334,touch,0,12.0,12,
47,1.5666666666666667,touch,0,12.0,12,
48,1.6,touch,0,12.0,12,
49,1.6333333333333333,touch,0,12.0,12,
50,1.6666666666666667,touch,0,12.0,12,
51,1.7,touch,0,12.0,12,
52,1.7333333333333334,touch,0,12.0,12,
53,1.7666666666666666,touch,0,12.0,12,
54,1.8,touch,0,12.0,12,
55,1.8333333333333333,touch,0,12.0,12,
56,1.8666666666666667,touch,0,12.0,12,
57,1.9,touch,0,12.0,12,
58,1.9333333333333333,touch,0,12.0,12,
59,1.9666666666666666,turnover,1,12.0,8,0->1
60,2.0,touch,1,8.0,8,
61,2.033333333333333,touch,1,8.0,8,
62,2.066666666666667,touch,1,8.0,8,
63,2.1,touch,1,8.0,8,
64,2.1333333333333333,touch,1,8.0,8,
65,2.1666666666666665,touch,1,8.0,8,
66,2.2,touch,1,8.0,8,
67,2.2333333333333334,touch,1,8.0,8,
68,2.2666666666666666,touch,1,8.0,8,
69,2.3,touch,1,8.0,8,
70,2.3333333333333335,touch,1,8.0,8,
71,2.3666666666666667,touch,1,8.0,8,
72,2.4,touch,1,8.0,8,
73,2.433333333333333,touch,1,8.0,8,
74,2.466666666666667,touch,1,8.0,8,
75,2.5,touch,1,8.0,8,
76,2.533333333333333,touch,1,8.0,8,
77,2.566666666666667,touch,1,8.0,8,
78,2.6,touch,1,8.0,8,
79,2.6333333333333333,touch,1,8.0,8,
80,2.6666666666666665,touch,1,8.0,8,
81,2.7,touch,1,8.0,8,
82,2.7333333333333334,touch,1,8.0,8,
83,2.7666666666666666,touch,1,8.0,8,
84,2.8,touch,1,8.0,8,
85,2.8333333333333335,touch,1,8.0,8,
86,2.8666666666666667,touch,1,8.0,8,
87,2.9,touch,1,8.0,8,
88,2.933333333333333,touch,1,8.0,8,
89,2.966666666666667,touch,1,8.0,8,
90,3.0,touch,1,8.0,8,
91,3.033333333333333,touch,1,8.0,8,
92,3.066666666666667,touch,1,8.0,8,
93,3.1,touch,1,8.0,8,
94,3.1333333333333333,touch,1,8.0,8,
95,3.1666666666666665,touch,1,8.0,8,
96,3.2,touch,1,8.0,8,
97,3.2333333333333334,touch,1,8.0,8,
98,3.2666666666666666,touch,1,8.0,8,
99,3.3,touch,1,8.0,8,
100,3.3333333333333335,touch,1,8.0,8,
101,3.3666666666666667,touch,1,8.0,8,
102,3.4,touch,1,8.0,8,
103,3.433333333333333,touch,1,8.0,8,
104,3.466666666666667,touch,1,8.0,8,
105,3.5,touch,1,8.0,8,
106,3.533333333333333,touch,1,8.0,8,
107,3.566666666666667,touch,1,8.0,8,
108,3.6,touch,1,8.0,8,
109,3.6333333333333333,touch,1,8.0,8,
110,3.6666666666666665,touch,1,8.0,8,
111,3.7,touch,1,8.0,8,
112,3.7333333333333334,touch,1,8.0,8,
113,3.7666666666666666,touch,1,8.0,8,
114,3.8,touch,1,8.0,8,
115,3.8333333333333335,touch,1,8.0,8,
116,3.8666666666666667,touch,1,8.0,8,
117,3.9,touch,1,8.0,8,
118,3.933333333333333,touch,1,8.0,8,
119,3.966666666666667,touch,1,8.0,8,
120,4.0,touch,1,8.0,8,
121,4.033333333333333,touch,1,8.0,8,
122,4.066666666666666,touch,1,8.0,8,
123,4.1,touch,1,8.0,8,
124,4.133333333333334,touch,1,8.0,8,
125,4.166666666666667,touch,1,8.0,8,
126,4.2,touch,1,8.0,8,
127,4.233333333333333,touch,1,8.0,8,
128,4.266666666666667,touch,1,8.0,8,
129,4.3,touch,1,8.0,8,
130,4.333333333333333,touch,1,8.0,8,
131,4.366666666666666,touch,1,8.0,8,
132,4.4,pass,1,8.0,37,
133,4.433333333333334,touch,1,37.0,37,
134,4.466666666666667,touch,1,37.0,37,
135,4.5,touch,1,37.0,37,
136,4.533333333333333,touch,1,37.0,37,
137,4.566666666666666,touch,1,37.0,37,
138,4.6,touch,1,37.0,37,
139,4.633333333333334,touch,1,37.0,37,
140,4.666666666666667,touch,1,37.0,37,
141,4.7,touch,1,37.0,37,
142,4.733333333333333,touch,1,37.0,37,
143,4.766666666666667,touch,1,37.0,37,
144,4.8,turnover,0,37.0,18,1->0
145,4.833333333333333,touch,0,18.0,18,
146,4.866666666666666,touch,0,18.0,18,
147,4.9,touch,0,18.0,18,
148,4.933333333333334,touch,0,18.0,18,
149,4.966666666666667,touch,0,18.0,18,
150,5.0,touch,0,18.0,18,
151,5.033333333333333,touch,0,18.0,18,
152,5.066666666666666,touch,0,18.0,18,
153,5.1,touch,0,18.0,18,
154,5.133333333333334,touch,0,18.0,18,
155,5.166666666666667,touch,0,18.0,18,
156,5.2,touch,0,18.0,18,
157,5.233333333333333,touch,0,18.0,18,
158,5.266666666666667,touch,0,18.0,18,
159,5.3,touch,0,18.0,18,
160,5.333333333333333,touch,0,18.0,18,
161,5.366666666666666,touch,0,18.0,18,
162,5.4,touch,0,18.0,18,
163,5.433333333333334,touch,0,18.0,18,
164,5.466666666666667,touch,0,18.0,18,
165,5.5,touch,0,18.0,18,
166,5.533333333333333,touch,0,18.0,18,
167,5.566666666666666,touch,0,18.0,18,
168,5.6,touch,0,18.0,18,
169,5.633333333333334,touch,0,18.0,18,
170,5.666666666666667,touch,0,18.0,18,
171,5.7,pass,0,18.0,33,
172,5.733333333333333,touch,0,33.0,33,
173,5.766666666666667,touch,0,33.0,33,
174,5.8,touch,0,33.0,33,
175,5.833333333333333,touch,0,33.0,33,
176,5.866666666666666,touch,0,33.0,33,
177,5.9,touch,0,33.0,33,
178,5.933333333333334,touch,0,33.0,33,
179,5.966666666666667,touch,0,33.0,33,
180,6.0,touch,0,33.0,33,
181,6.033333333333333,touch,0,33.0,33,
182,6.066666666666666,touch,0,33.0,33,
183,6.1,touch,0,33.0,33,
184,6.133333333333334,touch,0,33.0,33,
185,6.166666666666667,touch,0,33.0,33,
186,6.2,touch,0,33.0,33,
187,6.233333333333333,touch,0,33.0,33,
188,6.266666666666667,touch,0,33.0,33,
189,6.3,touch,0,33.0,33,
190,6.333333333333333,touch,0,33.0,33,
191,6.366666666666666,touch,0,33.0,33,
192,6.4,pass,0,33.0,29,
193,6.433333333333334,touch,0,29.0,29,
194,6.466666666666667,touch,0,29.0,29,
195,6.5,touch,0,29.0,29,
196,6.533333333333333,touch,0,29.0,29,
197,6.566666666666666,touch,0,29.0,29,
198,6.6,touch,0,29.0,29,
199,6.633333333333334,touch,0,29.0,29,
200,6.666666666666667,touch,0,29.0,29,
201,6.7,touch,0,29.0,29,
202,6.733333333333333,touch,0,29.0,29,
203,6.766666666666667,touch,0,29.0,29,
204,6.8,touch,0,29.0,29,
205,6.833333333333333,touch,0,29.0,29,
206,6.866666666666666,touch,0,29.0,29,
207,6.9,touch,0,29.0,29,
208,6.933333333333334,touch,0,29.0,29,
209,6.966666666666667,touch,0,29.0,29,
210,7.0,touch,0,29.0,29,
211,7.033333333333333,touch,0,29.0,29,
212,7.066666666666666,touch,0,29.0,29,
213,7.1,touch,0,29.0,29,
214,7.133333333333334,touch,0,29.0,29,
215,7.166666666666667,touch,0,29.0,29,
216,7.2,touch,0,29.0,29,
217,7.233333333333333,touch,0,29.0,29,
218,7.266666666666667,touch,0,29.0,29,
219,7.3,touch,0,29.0,29,
220,7.333333333333333,touch,0,29.0,29,
221,7.366666666666666,touch,0,29.0,29,
222,7.4,touch,0,29.0,29,
223,7.433333333333334,touch,0,29.0,29,
224,7.466666666666667,touch,0,29.0,29,
225,7.5,touch,0,29.0,29,
226,7.533333333333333,touch,0,29.0,29,
227,7.566666666666666,touch,0,29.0,29,
228,7.6,touch,0,29.0,29,
229,7.633333333333334,touch,0,29.0,29,
230,7.666666666666667,touch,0,29.0,29,
231,7.7,touch,0,29.0,29,
232,7.733333333333333,touch,0,29.0,29,
233,7.766666666666667,touch,0,29.0,29,
234,7.8,touch,0,29.0,29,
235,7.833333333333333,touch,0,29.0,29,
236,7.866666666666666,touch,0,29.0,29,
237,7.9,touch,0,29.0,29,
238,7.933333333333334,touch,0,29.0,29,
239,7.966666666666667,touch,0,29.0,29,
240,8.0,touch,0,29.0,29,
241,8.033333333333333,touch,0,29.0,29,
242,8.066666666666666,touch,0,29.0,29,
243,8.1,touch,0,29.0,29,
244,8.133333333333333,touch,0,29.0,29,
245,8.166666666666666,touch,0,29.0,29,
246,8.2,touch,0,29.0,29,
247,8.233333333333333,touch,0,29.0,29,
248,8.266666666666667,touch,0,29.0,29,
249,8.3,touch,0,29.0,29,
250,8.333333333333334,touch,0,29.0,29,
251,8.366666666666667,touch,0,29.0,29,
252,8.4,touch,0,29.0,29,
253,8.433333333333334,touch,0,29.0,29,
254,8.466666666666667,touch,0,29.0,29,
255,8.5,touch,0,29.0,29,
256,8.533333333333333,touch,0,29.0,29,
257,8.566666666666666,touch,0,29.0,29,
258,8.6,touch,0,29.0,29,
259,8.633333333333333,touch,0,29.0,29,
260,8.666666666666666,touch,0,29.0,29,
261,8.7,touch,0,29.0,29,
262,8.733333333333333,touch,0,29.0,29,
263,8.766666666666667,touch,0,29.0,29,
264,8.8,touch,0,29.0,29,
265,8.833333333333334,touch,0,29.0,29,
266,8.866666666666667,touch,0,29.0,29,
267,8.9,touch,0,29.0,29,
268,8.933333333333334,touch,0,29.0,29,
269,8.966666666666667,touch,0,29.0,29,
270,9.0,touch,0,29.0,29,
271,9.033333333333333,touch,0,29.0,29,
272,9.066666666666666,touch,0,29.0,29,
273,9.1,touch,0,29.0,29,
274,9.133333333333333,touch,0,29.0,29,
275,9.166666666666666,touch,0,29.0,29,
276,9.2,touch,0,29.0,29,
277,9.233333333333333,touch,0,29.0,29,
278,9.266666666666667,touch,0,29.0,29,
279,9.3,touch,0,29.0,29,
280,9.333333333333334,touch,0,29.0,29,
281,9.366666666666667,touch,0,29.0,29,
282,9.4,touch,0,29.0,29,
283,9.433333333333334,touch,0,29.0,29,
284,9.466666666666667,touch,0,29.0,29,
285,9.5,touch,0,29.0,29,
286,9.533333333333333,touch,0,29.0,29,
287,9.566666666666666,touch,0,29.0,29,
288,9.6,touch,0,29.0,29,
289,9.633333333333333,touch,0,29.0,29,
290,9.666666666666666,touch,0,29.0,29,
291,9.7,touch,0,29.0,29,
292,9.733333333333333,touch,0,29.0,29,
293,9.766666666666667,touch,0,29.0,29,
294,9.8,touch,0,29.0,29,
295,9.833333333333334,touch,0,29.0,29,
296,9.866666666666667,touch,0,29.0,29,
297,9.9,touch,0,29.0,29,
298,9.933333333333334,touch,0,29.0,29,
299,9.966666666666667,touch,0,29.0,29,
300,10.0,touch,0,29.0,29,
301,10.033333333333333,touch,0,29.0,29,
302,10.066666666666666,touch,0,29.0,29,
303,10.1,touch,0,29.0,29,
304,10.133333333333333,turnover,1,29.0,53,0->1
305,10.166666666666666,touch,1,53.0,53,
306,10.2,touch,1,53.0,53,
307,10.233333333333333,touch,1,53.0,53,
308,10.266666666666667,touch,1,53.0,53,
309,10.3,touch,1,53.0,53,
310,10.333333333333334,touch,1,53.0,53,
311,10.366666666666667,touch,1,53.0,53,
312,10.4,touch,1,53.0,53,
313,10.433333333333334,touch,1,53.0,53,
314,10.466666666666667,touch,1,53.0,53,
315,10.5,touch,1,53.0,53,
316,10.533333333333333,touch,1,53.0,53,
317,10.566666666666666,touch,1,53.0,53,
318,10.6,touch,1,53.0,53,
319,10.633333333333333,touch,1,53.0,53,
320,10.666666666666666,touch,1,53.0,53,
321,10.7,touch,1,53.0,53,
322,10.733333333333333,touch,1,53.0,53,
323,10.766666666666667,touch,1,53.0,53,
324,10.8,touch,1,53.0,53,
325,10.833333333333334,touch,1,53.0,53,
326,10.866666666666667,touch,1,53.0,53,
327,10.9,touch,1,53.0,53,
328,10.933333333333334,touch,1,53.0,53,
329,10.966666666666667,touch,1,53.0,53,
330,11.0,touch,1,53.0,53,
331,11.033333333333333,touch,1,53.0,53,
332,11.066666666666666,touch,1,53.0,53,
333,11.1,touch,1,53.0,53,
334,11.133333333333333,touch,1,53.0,53,
335,11.166666666666666,touch,1,53.0,53,
336,11.2,touch,1,53.0,53,
337,11.233333333333333,touch,1,53.0,53,
338,11.266666666666667,touch,1,53.0,53,
339,11.3,touch,1,53.0,53,
340,11.333333333333334,touch,1,53.0,53,
341,11.366666666666667,touch,1,53.0,53,
342,11.4,touch,1,53.0,53,
343,11.433333333333334,touch,1,53.0,53,
344,11.466666666666667,touch,1,53.0,53,
345,11.5,touch,1,53.0,53,
346,11.533333333333333,touch,1,53.0,53,
347,11.566666666666666,touch,1,53.0,53,
348,11.6,touch,1,53.0,53,
349,11.633333333333333,touch,1,53.0,53,
350,11.666666666666666,touch,1,53.0,53,
351,11.7,touch,1,53.0,53,
352,11.733333333333333,touch,1,53.0,53,
353,11.766666666666667,touch,1,53.0,53,
354,11.8,touch,1,53.0,53,
355,11.833333333333334,touch,1,53.0,53,
356,11.866666666666667,touch,1,53.0,53,
357,11.9,touch,1,53.0,53,
358,11.933333333333334,touch,1,53.0,53,
359,11.966666666666667,touch,1,53.0,53,
360,12.0,touch,1,53.0,53,
361,12.033333333333333,touch,1,53.0,53,
362,12.066666666666666,touch,1,53.0,53,
363,12.1,touch,1,53.0,53,
364,12.133333333333333,touch,1,53.0,53,
365,12.166666666666666,touch,1,53.0,53,
366,12.2,touch,1,53.0,53,
367,12.233333333333333,touch,1,53.0,53,
368,12.266666666666667,touch,1,53.0,53,
369,12.3,touch,1,53.0,53,
370,12.333333333333334,touch,1,53.0,53,
371,12.366666666666667,touch,1,53.0,53,
372,12.4,touch,1,53.0,53,
373,12.433333333333334,touch,1,53.0,53,
374,12.466666666666667,touch,1,53.0,53,
375,12.5,touch,1,53.0,53,
376,12.533333333333333,touch,1,53.0,53,
377,12.566666666666666,turnover,0,53.0,32,1->0
378,12.6,touch,0,32.0,32,
379,12.633333333333333,touch,0,32.0,32,
380,12.666666666666666,touch,0,32.0,32,
381,12.7,touch,0,32.0,32,
382,12.733333333333333,touch,0,32.0,32,
383,12.766666666666667,touch,0,32.0,32,
384,12.8,touch,0,32.0,32,
385,12.833333333333334,touch,0,32.0,32,
386,12.866666666666667,touch,0,32.0,32,
387,12.9,touch,0,32.0,32,
388,12.933333333333334,touch,0,32.0,32,
389,12.966666666666667,touch,0,32.0,32,
390,13.0,touch,0,32.0,32,
391,13.033333333333333,touch,0,32.0,32,
392,13.066666666666666,touch,0,32.0,32,
393,13.1,touch,0,32.0,32,
394,13.133333333333333,touch,0,32.0,32,
395,13.166666666666666,touch,0,32.0,32,
396,13.2,touch,0,32.0,32,
397,13.233333333333333,touch,0,32.0,32,
398,13.266666666666667,touch,0,32.0,32,
399,13.3,touch,0,32.0,32,
400,13.333333333333334,touch,0,32.0,32,
401,13.366666666666667,touch,0,32.0,32,
402,13.4,touch,0,32.0,32,
403,13.433333333333334,touch,0,32.0,32,
404,13.466666666666667,touch,0,32.0,32,
405,13.5,touch,0,32.0,32,
406,13.533333333333333,touch,0,32.0,32,
407,13.566666666666666,touch,0,32.0,32,
408,13.6,touch,0,32.0,32,
409,13.633333333333333,touch,0,32.0,32,
410,13.666666666666666,touch,0,32.0,32,
411,13.7,touch,0,32.0,32,
412,13.733333333333333,touch,0,32.0,32,
413,13.766666666666667,touch,0,32.0,32,
414,13.8,touch,0,32.0,32,
415,13.833333333333334,touch,0,32.0,32,
416,13.866666666666667,touch,0,32.0,32,
417,13.9,touch,0,32.0,32,
418,13.933333333333334,touch,0,32.0,32,
419,13.966666666666667,touch,0,32.0,32,
420,14.0,touch,0,32.0,32,
421,14.033333333333333,touch,0,32.0,32,
422,14.066666666666666,touch,0,32.0,32,
423,14.1,touch,0,32.0,32,
424,14.133333333333333,touch,0,32.0,32,
425,14.166666666666666,touch,0,32.0,32,
426,14.2,touch,0,32.0,32,
427,14.233333333333333,touch,0,32.0,32,
428,14.266666666666667,touch,0,32.0,32,
429,14.3,turnover,1,32.0,15,0->1
430,14.333333333333334,touch,1,15.0,15,
431,14.366666666666667,touch,1,15.0,15,
432,14.4,touch,1,15.0,15,
433,14.433333333333334,touch,1,15.0,15,
434,14.466666666666667,touch,1,15.0,15,
435,14.5,touch,1,15.0,15,
436,14.533333333333333,touch,1,15.0,15,
437,14.566666666666666,touch,1,15.0,15,
438,14.6,touch,1,15.0,15,
439,14.633333333333333,touch,1,15.0,15,
440,14.666666666666666,touch,1,15.0,15,
441,14.7,turnover,0,15.0,32,1->0
442,14.733333333333333,touch,0,32.0,32,
443,14.766666666666667,touch,0,32.0,32,
444,14.8,touch,0,32.0,32,
445,14.833333333333334,touch,0,32.0,32,
446,14.866666666666667,touch,0,32.0,32,
447,14.9,touch,0,32.0,32,
448,14.933333333333334,touch,0,32.0,32,
449,14.966666666666667,touch,0,32.0,32,
450,15.0,touch,0,32.0,32,
451,15.033333333333333,touch,0,32.0,32,
452,15.066666666666666,touch,0,32.0,32,
453,15.1,touch,0,32.0,32,
454,15.133333333333333,touch,0,32.0,32,
455,15.166666666666666,touch,0,32.0,32,
456,15.2,touch,0,32.0,32,
457,15.233333333333333,touch,0,32.0,32,
458,15.266666666666667,touch,0,32.0,32,
459,15.3,touch,0,32.0,32,
460,15.333333333333334,touch,0,32.0,32,
461,15.366666666666667,touch,0,32.0,32,
462,15.4,touch,0,32.0,32,
463,15.433333333333334,touch,0,32.0,32,
464,15.466666666666667,touch,0,32.0,32,
465,15.5,touch,0,32.0,32,
466,15.533333333333333,touch,0,32.0,32,
467,15.566666666666666,pass,0,32.0,54,
468,15.6,touch,0,54.0,54,
469,15.633333333333333,touch,0,54.0,54,
470,15.666666666666666,turnover,1,54.0,2,0->1
471,15.7,touch,1,2.0,2,
472,15.733333333333333,touch,1,2.0,2,
473,15.766666666666667,touch,1,2.0,2,
474,15.8,touch,1,2.0,2,
475,15.833333333333334,touch,1,2.0,2,
476,15.866666666666667,touch,1,2.0,2,
477,15.9,touch,1,2.0,2,
478,15.933333333333334,touch,1,2.0,2,
479,15.966666666666667,touch,1,2.0,2,
480,16.0,touch,1,2.0,2,
481,16.033333333333335,touch,1,2.0,2,
482,16.066666666666666,touch,1,2.0,2,
483,16.1,touch,1,2.0,2,
484,16.133333333333333,touch,1,2.0,2,
485,16.166666666666668,touch,1,2.0,2,
486,16.2,touch,1,2.0,2,
487,16.233333333333334,touch,1,2.0,2,
488,16.266666666666666,touch,1,2.0,2,
489,16.3,touch,1,2.0,2,
490,16.333333333333332,touch,1,2.0,2,
491,16.366666666666667,touch,1,2.0,2,
492,16.4,touch,1,2.0,2,
493,16.433333333333334,touch,1,2.0,2,
494,16.466666666666665,turnover,0,2.0,54,1->0
495,16.5,touch,0,54.0,54,
496,16.533333333333335,touch,0,54.0,54,
497,16.566666666666666,touch,0,54.0,54,
498,16.6,touch,0,54.0,54,
499,16.633333333333333,touch,0,54.0,54,
500,16.666666666666668,touch,0,54.0,54,
501,16.7,touch,0,54.0,54,
502,16.733333333333334,touch,0,54.0,54,
503,16.766666666666666,touch,0,54.0,54,
504,16.8,touch,0,54.0,54,
505,16.833333333333332,turnover,1,54.0,2,0->1
506,16.866666666666667,touch,1,2.0,2,
507,16.9,touch,1,2.0,2,
508,16.933333333333334,touch,1,2.0,2,
509,16.966666666666665,touch,1,2.0,2,
510,17.0,touch,1,2.0,2,
511,17.033333333333335,touch,1,2.0,2,
512,17.066666666666666,touch,1,2.0,2,
513,17.1,touch,1,2.0,2,
514,17.133333333333333,touch,1,2.0,2,
515,17.166666666666668,touch,1,2.0,2,
516,17.2,touch,1,2.0,2,
517,17.233333333333334,touch,1,2.0,2,
518,17.266666666666666,touch,1,2.0,2,
519,17.3,touch,1,2.0,2,
520,17.333333333333332,touch,1,2.0,2,
521,17.366666666666667,touch,1,2.0,2,
522,17.4,touch,1,2.0,2,
523,17.433333333333334,touch,1,2.0,2,
524,17.466666666666665,turnover,0,2.0,54,1->0
525,17.5,touch,0,54.0,54,
526,17.533333333333335,turnover,1,54.0,15,0->1
527,17.566666666666666,touch,1,15.0,15,
528,17.6,touch,1,15.0,15,
529,17.633333333333333,touch,1,15.0,15,
530,17.666666666666668,touch,1,15.0,15,
531,17.7,touch,1,15.0,15,
532,17.733333333333334,touch,1,15.0,15,
533,17.766666666666666,touch,1,15.0,15,
534,17.8,touch,1,15.0,15,
535,17.833333333333332,touch,1,15.0,15,
536,17.866666666666667,touch,1,15.0,15,
537,17.9,touch,1,15.0,15,
538,17.933333333333334,touch,1,15.0,15,
539,17.966666666666665,touch,1,15.0,15,
540,18.0,touch,1,15.0,15,
541,18.033333333333335,touch,1,15.0,15,
542,18.066666666666666,touch,1,15.0,15,
543,18.1,touch,1,15.0,15,
544,18.133333333333333,touch,1,15.0,15,
545,18.166666666666668,touch,1,15.0,15,
546,18.2,touch,1,15.0,15,
547,18.233333333333334,touch,1,15.0,15,
548,18.266666666666666,touch,1,15.0,15,
549,18.3,touch,1,15.0,15,
550,18.333333333333332,touch,1,15.0,15,
551,18.366666666666667,touch,1,15.0,15,
552,18.4,touch,1,15.0,15,
553,18.433333333333334,touch,1,15.0,15,
554,18.466666666666665,touch,1,15.0,15,
555,18.5,touch,1,15.0,15,
556,18.533333333333335,touch,1,15.0,15,
557,18.566666666666666,touch,1,15.0,15,
558,18.6,touch,1,15.0,15,
559,18.633333333333333,touch,1,15.0,15,
560,18.666666666666668,touch,1,15.0,15,
561,18.7,touch,1,15.0,15,
562,18.733333333333334,touch,1,15.0,15,
563,18.766666666666666,touch,1,15.0,15,
564,18.8,touch,1,15.0,15,
565,18.833333333333332,touch,1,15.0,15,
566,18.866666666666667,touch,1,15.0,15,
567,18.9,touch,1,15.0,15,
568,18.933333333333334,touch,1,15.0,15,
569,18.966666666666665,touch,1,15.0,15,
570,19.0,touch,1,15.0,15,
571,19.033333333333335,touch,1,15.0,15,
572,19.066666666666666,touch,1,15.0,15,
573,19.1,touch,1,15.0,15,
574,19.133333333333333,touch,1,15.0,15,
575,19.166666666666668,touch,1,15.0,15,
576,19.2,touch,1,15.0,15,
577,19.233333333333334,touch,1,15.0,15,
578,19.266666666666666,touch,1,15.0,15,
579,19.3,touch,1,15.0,15,
580,19.333333333333332,touch,1,15.0,15,
581,19.366666666666667,touch,1,15.0,15,
582,19.4,touch,1,15.0,15,
583,19.433333333333334,touch,1,15.0,15,
584,19.466666666666665,touch,1,15.0,15,
585,19.5,touch,1,15.0,15,
586,19.533333333333335,touch,1,15.0,15,
587,19.566666666666666,touch,1,15.0,15,
588,19.6,touch,1,15.0,15,
589,19.633333333333333,touch,1,15.0,15,
590,19.666666666666668,touch,1,15.0,15,
591,19.7,touch,1,15.0,15,
592,19.733333333333334,touch,1,15.0,15,
593,19.766666666666666,touch,1,15.0,15,
594,19.8,touch,1,15.0,15,
595,19.833333333333332,touch,1,15.0,15,
596,19.866666666666667,touch,1,15.0,15,
597,19.9,touch,1,15.0,15,
598,19.933333333333334,touch,1,15.0,15,
599,19.966666666666665,touch,1,15.0,15,
600,20.0,touch,1,15.0,15,
601,20.033333333333335,touch,1,15.0,15,
602,20.066666666666666,touch,1,15.0,15,
603,20.1,touch,1,15.0,15,
604,20.133333333333333,touch,1,15.0,15,
605,20.166666666666668,touch,1,15.0,15,
606,20.2,touch,1,15.0,15,
607,20.233333333333334,touch,1,15.0,15,
608,20.266666666666666,touch,1,15.0,15,
609,20.3,touch,1,15.0,15,
610,20.333333333333332,touch,1,15.0,15,
611,20.366666666666667,touch,1,15.0,15,
612,20.4,touch,1,15.0,15,
613,20.433333333333334,touch,1,15.0,15,
614,20.466666666666665,touch,1,15.0,15,
615,20.5,touch,1,15.0,15,
616,20.533333333333335,touch,1,15.0,15,
617,20.566666666666666,touch,1,15.0,15,
618,20.6,touch,1,15.0,15,
619,20.633333333333333,touch,1,15.0,15,
620,20.666666666666668,touch,1,15.0,15,
621,20.7,touch,1,15.0,15,
622,20.733333333333334,touch,1,15.0,15,
623,20.766666666666666,touch,1,15.0,15,
624,20.8,touch,1,15.0,15,
625,20.833333333333332,touch,1,15.0,15,
626,20.866666666666667,touch,1,15.0,15,
627,20.9,touch,1,15.0,15,
628,20.933333333333334,touch,1,15.0,15,
629,20.966666666666665,touch,1,15.0,15,
630,21.0,touch,1,15.0,15,
631,21.033333333333335,touch,1,15.0,15,
632,21.066666666666666,touch,1,15.0,15,
633,21.1,touch,1,15.0,15,
634,21.133333333333333,touch,1,15.0,15,
635,21.166666666666668,touch,1,15.0,15,
636,21.2,touch,1,15.0,15,
637,21.233333333333334,touch,1,15.0,15,
638,21.266666666666666,touch,1,15.0,15,
639,21.3,touch,1,15.0,15,
640,21.333333333333332,touch,1,15.0,15,
641,21.366666666666667,touch,1,15.0,15,
642,21.4,touch,1,15.0,15,
643,21.433333333333334,touch,1,15.0,15,
644,21.466666666666665,touch,1,15.0,15,
645,21.5,touch,1,15.0,15,
646,21.533333333333335,touch,1,15.0,15,
647,21.566666666666666,touch,1,15.0,15,
648,21.6,touch,1,15.0,15,
649,21.633333333333333,touch,1,15.0,15,
650,21.666666666666668,touch,1,15.0,15,
651,21.7,touch,1,15.0,15,
652,21.733333333333334,touch,1,15.0,15,
653,21.766666666666666,touch,1,15.0,15,
654,21.8,touch,1,15.0,15,
655,21.833333333333332,touch,1,15.0,15,
656,21.866666666666667,touch,1,15.0,15,
657,21.9,touch,1,15.0,15,
658,21.933333333333334,touch,1,15.0,15,
659,21.966666666666665,touch,1,15.0,15,
660,22.0,touch,1,15.0,15,
661,22.033333333333335,touch,1,15.0,15,
662,22.066666666666666,touch,1,15.0,15,
663,22.1,touch,1,15.0,15,
664,22.133333333333333,touch,1,15.0,15,
665,22.166666666666668,touch,1,15.0,15,
666,22.2,touch,1,15.0,15,
667,22.233333333333334,touch,1,15.0,15,
668,22.266666666666666,touch,1,15.0,15,
669,22.3,touch,1,15.0,15,
670,22.333333333333332,touch,1,15.0,15,
671,22.366666666666667,touch,1,15.0,15,
672,22.4,touch,1,15.0,15,
673,22.433333333333334,turnover,0,15.0,463,1->0
674,22.466666666666665,touch,0,463.0,463,
675,22.5,pass,0,463.0,6,
676,22.533333333333335,touch,0,6.0,6,
677,22.566666666666666,touch,0,6.0,6,
678,22.6,touch,0,6.0,6,
679,22.633333333333333,touch,0,6.0,6,
680,22.666666666666668,touch,0,6.0,6,
681,22.7,touch,0,6.0,6,
682,22.733333333333334,touch,0,6.0,6,
683,22.766666666666666,touch,0,6.0,6,
684,22.8,touch,0,6.0,6,
685,22.833333333333332,touch,0,6.0,6,
686,22.866666666666667,touch,0,6.0,6,
687,22.9,touch,0,6.0,6,
688,22.933333333333334,touch,0,6.0,6,
689,22.966666666666665,touch,0,6.0,6,
690,23.0,touch,0,6.0,6,
691,23.033333333333335,touch,0,6.0,6,
692,23.066666666666666,touch,0,6.0,6,
693,23.1,touch,0,6.0,6,
694,23.133333333333333,touch,0,6.0,6,
695,23.166666666666668,touch,0,6.0,6,
696,23.2,touch,0,6.0,6,
697,23.233333333333334,touch,0,6.0,6,
698,23.266666666666666,touch,0,6.0,6,
699,23.3,touch,0,6.0,6,
700,23.333333333333332,touch,0,6.0,6,
701,23.366666666666667,touch,0,6.0,6,
702,23.4,touch,0,6.0,6,
703,23.433333333333334,touch,0,6.0,6,
704,23.466666666666665,touch,0,6.0,6,
705,23.5,touch,0,6.0,6,
706,23.533333333333335,touch,0,6.0,6,
707,23.566666666666666,touch,0,6.0,6,
708,23.6,touch,0,6.0,6,
709,23.633333333333333,touch,0,6.0,6,
710,23.666666666666668,touch,0,6.0,6,
711,23.7,turnover,1,6.0,15,0->1
712,23.733333333333334,touch,1,15.0,15,
713,23.766666666666666,turnover,0,15.0,32,1->0
714,23.8,touch,0,32.0,32,
715,23.833333333333332,touch,0,32.0,32,
716,23.866666666666667,touch,0,32.0,32,
717,23.9,touch,0,32.0,32,
718,23.933333333333334,touch,0,32.0,32,
719,23.966666666666665,touch,0,32.0,32,
720,24.0,touch,0,32.0,32,
721,24.033333333333335,touch,0,32.0,32,
722,24.066666666666666,touch,0,32.0,32,
723,24.1,touch,0,32.0,32,
724,24.133333333333333,touch,0,32.0,32,
725,24.166666666666668,touch,0,32.0,32,
726,24.2,touch,0,32.0,32,
727,24.233333333333334,touch,0,32.0,32,
728,24.266666666666666,touch,0,32.0,32,
729,24.3,touch,0,32.0,32,
730,24.333333333333332,touch,0,32.0,32,
731,24.366666666666667,touch,0,32.0,32,
732,24.4,touch,0,32.0,32,
733,24.433333333333334,touch,0,32.0,32,
734,24.466666666666665,touch,0,32.0,32,
735,24.5,touch,0,32.0,32,
736,24.533333333333335,touch,0,32.0,32,
737,24.566666666666666,touch,0,32.0,32,
738,24.6,touch,0,32.0,32,
739,24.633333333333333,touch,0,32.0,32,
740,24.666666666666668,turnover,1,32.0,15,0->1
741,24.7,touch,1,15.0,15,
742,24.733333333333334,turnover,0,15.0,32,1->0
743,24.766666666666666,touch,0,32.0,32,
744,24.8,touch,0,32.0,32,
745,24.833333333333332,touch,0,32.0,32,
746,24.866666666666667,touch,0,32.0,32,
747,24.9,touch,0,32.0,32,
748,24.933333333333334,touch,0,32.0,32,
749,24.966666666666665,touch,0,32.0,32,
750,25.0,touch,0,32.0,32,
751,25.033333333333335,touch,0,32.0,32,
752,25.066666666666666,touch,0,32.0,32,
753,25.1,touch,0,32.0,32,
754,25.133333333333333,touch,0,32.0,32,
755,25.166666666666668,touch,0,32.0,32,
756,25.2,touch,0,32.0,32,
757,25.233333333333334,touch,0,32.0,32,
758,25.266666666666666,touch,0,32.0,32,
759,25.3,touch,0,32.0,32,
760,25.333333333333332,touch,0,32.0,32,
761,25.366666666666667,touch,0,32.0,32,
762,25.4,touch,0,32.0,32,
763,25.433333333333334,touch,0,32.0,32,
764,25.466666666666665,touch,0,32.0,32,
765,25.5,touch,0,32.0,32,
766,25.533333333333335,touch,0,32.0,32,
767,25.566666666666666,touch,0,32.0,32,
768,25.6,touch,0,32.0,32,
769,25.633333333333333,touch,0,32.0,32,
770,25.666666666666668,touch,0,32.0,32,
771,25.7,touch,0,32.0,32,
772,25.733333333333334,touch,0,32.0,32,
773,25.766666666666666,touch,0,32.0,32,
774,25.8,touch,0,32.0,32,
775,25.833333333333332,touch,0,32.0,32,
776,25.866666666666667,touch,0,32.0,32,
777,25.9,touch,0,32.0,32,
778,25.933333333333334,touch,0,32.0,32,
779,25.966666666666665,touch,0,32.0,32,
780,26.0,touch,0,32.0,32,
781,26.033333333333335,touch,0,32.0,32,
782,26.066666666666666,touch,0,32.0,32,
783,26.1,touch,0,32.0,32,
784,26.133333333333333,touch,0,32.0,32,
785,26.166666666666668,touch,0,32.0,32,
786,26.2,touch,0,32.0,32,
787,26.233333333333334,touch,0,32.0,32,
788,26.266666666666666,touch,0,32.0,32,
789,26.3,touch,0,32.0,32,
790,26.333333333333332,touch,0,32.0,32,
791,26.366666666666667,touch,0,32.0,32,
792,26.4,touch,0,32.0,32,
793,26.433333333333334,touch,0,32.0,32,
794,26.466666666666665,touch,0,32.0,32,
795,26.5,touch,0,32.0,32,
796,26.533333333333335,touch,0,32.0,32,
797,26.566666666666666,touch,0,32.0,32,
798,26.6,touch,0,32.0,32,
799,26.633333333333333,touch,0,32.0,32,
800,26.666666666666668,touch,0,32.0,32,
801,26.7,touch,0,32.0,32,
802,26.733333333333334,touch,0,32.0,32,
803,26.766666666666666,touch,0,32.0,32,
804,26.8,touch,0,32.0,32,
805,26.833333333333332,touch,0,32.0,32,
806,26.866666666666667,touch,0,32.0,32,
807,26.9,touch,0,32.0,32,
808,26.933333333333334,touch,0,32.0,32,
809,26.966666666666665,touch,0,32.0,32,
810,27.0,touch,0,32.0,32,
811,27.033333333333335,touch,0,32.0,32,
812,27.066666666666666,touch,0,32.0,32,
813,27.1,touch,0,32.0,32,
814,27.133333333333333,touch,0,32.0,32,
815,27.166666666666668,touch,0,32.0,32,
816,27.2,touch,0,32.0,32,
817,27.233333333333334,touch,0,32.0,32,
818,27.266666666666666,touch,0,32.0,32,
819,27.3,touch,0,32.0,32,
820,27.333333333333332,touch,0,32.0,32,
821,27.366666666666667,touch,0,32.0,32,
822,27.4,touch,0,32.0,32,
823,27.433333333333334,touch,0,32.0,32,
824,27.466666666666665,touch,0,32.0,32,
825,27.5,touch,0,32.0,32,
826,27.533333333333335,touch,0,32.0,32,
827,27.566666666666666,touch,0,32.0,32,
828,27.6,touch,0,32.0,32,
829,27.633333333333333,touch,0,32.0,32,
830,27.666666666666668,touch,0,32.0,32,
831,27.7,touch,0,32.0,32,
832,27.733333333333334,touch,0,32.0,32,
833,27.766666666666666,touch,0,32.0,32,
834,27.8,touch,0,32.0,32,
835,27.833333333333332,touch,0,32.0,32,
836,27.866666666666667,touch,0,32.0,32,
837,27.9,touch,0,32.0,32,
838,27.933333333333334,touch,0,32.0,32,
839,27.966666666666665,touch,0,32.0,32,
840,28.0,touch,0,32.0,32,
841,28.033333333333335,touch,0,32.0,32,
842,28.066666666666666,touch,0,32.0,32,
843,28.1,touch,0,32.0,32,
844,28.133333333333333,touch,0,32.0,32,
845,28.166666666666668,touch,0,32.0,32,
846,28.2,touch,0,32.0,32,
847,28.233333333333334,touch,0,32.0,32,
848,28.266666666666666,touch,0,32.0,32,
849,28.3,touch,0,32.0,32,
850,28.333333333333332,touch,0,32.0,32,
851,28.366666666666667,touch,0,32.0,32,
852,28.4,touch,0,32.0,32,
853,28.433333333333334,touch,0,32.0,32,
854,28.466666666666665,touch,0,32.0,32,
855,28.5,touch,0,32.0,32,
856,28.533333333333335,touch,0,32.0,32,
857,28.566666666666666,touch,0,32.0,32,
858,28.6,touch,0,32.0,32,
859,28.633333333333333,touch,0,32.0,32,
860,28.666666666666668,touch,0,32.0,32,
861,28.7,touch,0,32.0,32,
862,28.733333333333334,touch,0,32.0,32,
863,28.766666666666666,touch,0,32.0,32,
864,28.8,touch,0,32.0,32,
865,28.833333333333332,touch,0,32.0,32,
866,28.866666666666667,touch,0,32.0,32,
867,28.9,touch,0,32.0,32,
868,28.933333333333334,touch,0,32.0,32,
869,28.966666666666665,touch,0,32.0,32,
870,29.0,touch,0,32.0,32,
871,29.033333333333335,touch,0,32.0,32,
872,29.066666666666666,touch,0,32.0,32,
873,29.1,touch,0,32.0,32,
874,29.133333333333333,touch,0,32.0,32,
875,29.166666666666668,touch,0,32.0,32,
876,29.2,touch,0,32.0,32,
877,29.233333333333334,touch,0,32.0,32,
878,29.266666666666666,touch,0,32.0,32,
879,29.3,touch,0,32.0,32,
880,29.333333333333332,touch,0,32.0,32,
881,29.366666666666667,touch,0,32.0,32,
882,29.4,touch,0,32.0,32,
883,29.433333333333334,touch,0,32.0,32,
884,29.466666666666665,touch,0,32.0,32,
885,29.5,touch,0,32.0,32,
886,29.533333333333335,touch,0,32.0,32,
887,29.566666666666666,touch,0,32.0,32,
888,29.6,touch,0,32.0,32,
889,29.633333333333333,touch,0,32.0,32,
890,29.666666666666668,touch,0,32.0,32,
891,29.7,touch,0,32.0,32,
892,29.733333333333334,touch,0,32.0,32,
893,29.766666666666666,touch,0,32.0,32,
894,29.8,pass,0,32.0,10,
895,29.833333333333332,touch,0,10.0,10,
896,29.866666666666667,touch,0,10.0,10,
897,29.9,touch,0,10.0,10,
898,29.933333333333334,touch,0,10.0,10,
899,29.966666666666665,touch,0,10.0,10,
900,30.0,touch,0,10.0,10,
901,30.033333333333335,touch,0,10.0,10,
902,30.066666666666666,touch,0,10.0,10,
903,30.1,touch,0,10.0,10,
904,30.133333333333333,touch,0,10.0,10,
905,30.166666666666668,touch,0,10.0,10,
906,30.2,touch,0,10.0,10,
907,30.233333333333334,touch,0,10.0,10,
908,30.266666666666666,touch,0,10.0,10,
909,30.3,touch,0,10.0,10,
910,30.333333333333332,touch,0,10.0,10,
911,30.366666666666667,touch,0,10.0,10,
912,30.4,touch,0,10.0,10,
913,30.433333333333334,touch,0,10.0,10,
914,30.466666666666665,touch,0,10.0,10,
915,30.5,touch,0,10.0,10,
916,30.533333333333335,touch,0,10.0,10,
917,30.566666666666666,touch,0,10.0,10,
918,30.6,touch,0,10.0,10,
919,30.633333333333333,touch,0,10.0,10,
920,30.666666666666668,touch,0,10.0,10,
921,30.7,touch,0,10.0,10,
922,30.733333333333334,touch,0,10.0,10,
923,30.766666666666666,touch,0,10.0,10,
924,30.8,touch,0,10.0,10,
925,30.833333333333332,touch,0,10.0,10,
926,30.866666666666667,touch,0,10.0,10,
927,30.9,touch,0,10.0,10,
928,30.933333333333334,touch,0,10.0,10,
929,30.966666666666665,touch,0,10.0,10,
930,31.0,touch,0,10.0,10,
931,31.033333333333335,touch,0,10.0,10,
932,31.066666666666666,touch,0,10.0,10,
933,31.1,touch,0,10.0,10,
934,31.133333333333333,touch,0,10.0,10,
935,31.166666666666668,touch,0,10.0,10,
936,31.2,touch,0,10.0,10,
937,31.233333333333334,touch,0,10.0,10,
938,31.266666666666666,touch,0,10.0,10,
939,31.3,touch,0,10.0,10,
940,31.333333333333332,touch,0,10.0,10,
941,31.366666666666667,touch,0,10.0,10,
942,31.4,touch,0,10.0,10,
943,31.433333333333334,touch,0,10.0,10,
944,31.466666666666665,touch,0,10.0,10,
945,31.5,touch,0,10.0,10,
946,31.533333333333335,touch,0,10.0,10,
947,31.566666666666666,touch,0,10.0,10,
948,31.6,touch,0,10.0,10,
949,31.633333333333333,touch,0,10.0,10,
950,31.666666666666668,touch,0,10.0,10,
951,31.7,turnover,1,10.0,328,0->1
952,31.733333333333334,touch,1,328.0,328,
953,31.766666666666666,touch,1,328.0,328,
954,31.8,touch,1,328.0,328,
955,31.833333333333332,touch,1,328.0,328,
956,31.866666666666667,touch,1,328.0,328,
957,31.9,touch,1,328.0,328,
958,31.933333333333334,touch,1,328.0,328,
959,31.966666666666665,touch,1,328.0,328,
960,32.0,touch,1,328.0,328,
961,32.03333333333333,touch,1,328.0,328,
962,32.06666666666667,touch,1,328.0,328,
963,32.1,touch,1,328.0,328,
964,32.13333333333333,touch,1,328.0,328,
965,32.166666666666664,touch,1,328.0,328,
966,32.2,touch,1,328.0,328,
967,32.233333333333334,touch,1,328.0,328,
968,32.266666666666666,touch,1,328.0,328,
969,32.3,touch,1,328.0,328,
970,32.333333333333336,touch,1,328.0,328,
971,32.36666666666667,turnover,0,328.0,18,1->0
972,32.4,touch,0,18.0,18,
973,32.43333333333333,touch,0,18.0,18,
974,32.46666666666667,touch,0,18.0,18,
975,32.5,touch,0,18.0,18,
976,32.53333333333333,touch,0,18.0,18,
977,32.56666666666667,touch,0,18.0,18,
978,32.6,touch,0,18.0,18,
979,32.63333333333333,touch,0,18.0,18,
980,32.666666666666664,touch,0,18.0,18,
981,32.7,touch,0,18.0,18,
982,32.733333333333334,touch,0,18.0,18,
983,32.766666666666666,turnover,1,18.0,582,0->1
984,32.8,touch,1,582.0,582,
985,32.833333333333336,touch,1,582.0,582,
986,32.86666666666667,touch,1,582.0,582,
987,32.9,touch,1,582.0,582,
988,32.93333333333333,touch,1,582.0,582,
989,32.96666666666667,touch,1,582.0,582,
990,33.0,touch,1,582.0,582,
991,33.03333333333333,touch,1,582.0,582,
992,33.06666666666667,touch,1,582.0,582,
993,33.1,touch,1,582.0,582,
994,33.13333333333333,touch,1,582.0,582,
995,33.166666666666664,touch,1,582.0,582,
996,33.2,touch,1,582.0,582,
997,33.233333333333334,touch,1,582.0,582,
998,33.266666666666666,touch,1,582.0,582,
999,33.3,touch,1,582.0,582,
1000,33.333333333333336,touch,1,582.0,582,
