player_id,gy,gx,count
4,0,0,0
4,0,1,0
4,0,2,0
4,0,3,0
4,0,4,0
4,0,5,0
4,0,6,0
4,0,7,0
4,0,8,0
4,0,9,0
4,0,10,0
4,0,11,0
4,1,0,0
4,1,1,0
4,1,2,0
4,1,3,0
4,1,4,0
4,1,5,0
4,1,6,0
4,1,7,0
4,1,8,0
4,1,9,0
4,1,10,0
4,1,11,0
4,2,0,0
4,2,1,0
4,2,2,0
4,2,3,0
4,2,4,0
4,2,5,0
4,2,6,0
4,2,7,0
4,2,8,0
4,2,9,0
4,2,10,0
4,2,11,0
4,3,0,0
4,3,1,0
4,3,2,0
4,3,3,0
4,3,4,0
4,3,5,0
4,3,6,0
4,3,7,0
4,3,8,0
4,3,9,0
4,3,10,0
4,3,11,0
4,4,0,0
4,4,1,0
4,4,2,0
4,4,3,0
4,4,4,0
4,4,5,0
4,4,6,0
4,4,7,0
4,4,8,0
4,4,9,0
4,4,10,0
4,4,11,0
4,5,0,0
4,5,1,0
4,5,2,0
4,5,3,0
4,5,4,0
4,5,5,0
4,5,6,57
4,5,7,15
4,5,8,0
4,5,9,0
4,5,10,0
4,5,11,0
4,6,0,0
4,6,1,0
4,6,2,0
4,6,3,0
4,6,4,0
4,6,5,0
4,6,6,0
4,6,7,0
4,6,8,0
4,6,9,0
4,6,10,0
4,6,11,0
4,7,0,0
4,7,1,0
4,7,2,0
4,7,3,0
4,7,4,0
4,7,5,0
4,7,6,0
4,7,7,0
4,7,8,0
4,7,9,0
4,7,10,0
4,7,11,0
2,0,0,0
2,0,1,0
2,0,2,0
2,0,3,0
2,0,4,0
2,0,5,0
2,0,6,0
2,0,7,0
2,0,8,0
2,0,9,0
2,0,10,0
2,0,11,0
2,1,0,0
2,1,1,0
2,1,2,0
2,1,3,0
2,1,4,0
2,1,5,0
2,1,6,0
2,1,7,0
2,1,8,0
2,1,9,0
2,1,10,0
2,1,11,0
2,2,0,0
2,2,1,0
2,2,2,0
2,2,3,0
2,2,4,0
2,2,5,0
2,2,6,0
2,2,7,0
2,2,8,0
2,2,9,0
2,2,10,0
2,2,11,0
2,3,0,0
2,3,1,0
2,3,2,0
2,3,3,0
2,3,4,0
2,3,5,0
2,3,6,0
2,3,7,0
2,3,8,0
2,3,9,0
2,3,10,0
2,3,11,0
2,4,0,0
2,4,1,0
2,4,2,0
2,4,3,19
2,4,4,25
2,4,5,0
2,4,6,0
2,4,7,0
2,4,8,0
2,4,9,0
2,4,10,0
2,4,11,0
2,5,0,444
2,5,1,20
2,5,2,29
2,5,3,20
2,5,4,0
2,5,5,0
2,5,6,0
2,5,7,0
2,5,8,0
2,5,9,0
2,5,10,0
2,5,11,0
2,6,0,107
2,6,1,0
2,6,2,0
2,6,3,0
2,6,4,0
2,6,5,0
2,6,6,0
2,6,7,0
2,6,8,0
2,6,9,0
2,6,10,0
2,6,11,0
2,7,0,212
2,7,1,12
2,7,2,11
2,7,3,14
2,7,4,34
2,7,5,40
2,7,6,0
2,7,7,0
2,7,8,0
2,7,9,0
2,7,10,0
2,7,11,0
14,0,0,0
14,0,1,0
14,0,2,0
14,0,3,0
14,0,4,0
14,0,5,0
14,0,6,0
14,0,7,0
14,0,8,0
14,0,9,0
14,0,10,0
14,0,11,0
14,1,0,0
14,1,1,0
14,1,2,0
14,1,3,0
14,1,4,0
14,1,5,0
14,1,6,0
14,1,7,0
14,1,8,0
14,1,9,0
14,1,10,0
14,1,11,0
14,2,0,0
14,2,1,0
14,2,2,0
14,2,3,0
14,2,4,0
14,2,5,0
14,2,6,0
14,2,7,0
14,2,8,0
14,2,9,0
14,2,10,0
14,2,11,0
14,3,0,0
14,3,1,0
14,3,2,0
14,3,3,0
14,3,4,0
14,3,5,0
14,3,6,0
14,3,7,0
14,3,8,0
14,3,9,0
14,3,10,0
14,3,11,0
14,4,0,0
14,4,1,0
14,4,2,0
14,4,3,0
14,4,4,0
14,4,5,0
14,4,6,0
14,4,7,0
14,4,8,0
14,4,9,20
14,4,10,0
14,4,11,0
14,5,0,0
14,5,1,0
14,5,2,0
14,5,3,0
14,5,4,0
14,5,5,0
14,5,6,0
14,5,7,0
14,5,8,0
14,5,9,68
14,5,10,44
14,5,11,29
14,6,0,0
14,6,1,0
14,6,2,0
14,6,3,0
14,6,4,0
14,6,5,0
14,6,6,0
14,6,7,0
14,6,8,0
14,6,9,0
14,6,10,0
14,6,11,0
14,7,0,0
14,7,1,0
14,7,2,0
14,7,3,0
14,7,4,0
14,7,5,0
14,7,6,0
14,7,7,0
14,7,8,0
14,7,9,0
14,7,10,0
14,7,11,0
7,0,0,0
7,0,1,0
7,0,2,0
7,0,3,0
7,0,4,0
7,0,5,0
7,0,6,0
7,0,7,0
7,0,8,0
7,0,9,0
7,0,10,0
7,0,11,0
7,1,0,0
7,1,1,0
7,1,2,0
7,1,3,0
7,1,4,0
7,1,5,0
7,1,6,0
7,1,7,0
7,1,8,0
7,1,9,0
7,1,10,0
7,1,11,0
7,2,0,0
7,2,1,0
7,2,2,0
7,2,3,0
7,2,4,0
7,2,5,0
7,2,6,0
7,2,7,0
7,2,8,0
7,2,9,0
7,2,10,0
7,2,11,0
7,3,0,0
7,3,1,0
7,3,2,0
7,3,3,0
7,3,4,0
7,3,5,0
7,3,6,0
7,3,7,0
7,3,8,0
7,3,9,0
7,3,10,0
7,3,11,0
7,4,0,49
7,4,1,0
7,4,2,0
7,4,3,0
7,4,4,0
7,4,5,0
7,4,6,0
7,4,7,0
7,4,8,0
7,4,9,0
7,4,10,0
7,4,11,0
7,5,0,23
7,5,1,0
7,5,2,0
7,5,3,0
7,5,4,0
7,5,5,0
7,5,6,0
7,5,7,0
7,5,8,0
7,5,9,0
7,5,10,0
7,5,11,0
7,6,0,0
7,6,1,0
7,6,2,0
7,6,3,0
7,6,4,0
7,6,5,0
7,6,6,0
7,6,7,0
7,6,8,0
7,6,9,0
7,6,10,0
7,6,11,0
7,7,0,0
7,7,1,0
7,7,2,0
7,7,3,0
7,7,4,0
7,7,5,0
7,7,6,0
7,7,7,0
7,7,8,0
7,7,9,0
7,7,10,0
7,7,11,0
11,0,0,0
11,0,1,0
11,0,2,0
11,0,3,0
11,0,4,0
11,0,5,0
11,0,6,0
11,0,7,0
11,0,8,0
11,0,9,0
11,0,10,0
11,0,11,0
11,1,0,0
11,1,1,0
11,1,2,0
11,1,3,0
11,1,4,0
11,1,5,0
11,1,6,0
11,1,7,0
11,1,8,0
11,1,9,0
11,1,10,0
11,1,11,0
11,2,0,0
11,2,1,0
11,2,2,0
11,2,3,0
11,2,4,0
11,2,5,0
11,2,6,0
11,2,7,0
11,2,8,0
11,2,9,0
11,2,10,0
11,2,11,0
11,3,0,0
11,3,1,0
11,3,2,0
11,3,3,0
11,3,4,0
11,3,5,0
11,3,6,0
11,3,7,0
11,3,8,0
11,3,9,0
11,3,10,0
11,3,11,0
11,4,0,0
11,4,1,0
11,4,2,1
11,4,3,0
11,4,4,0
11,4,5,0
11,4,6,0
11,4,7,0
11,4,8,0
11,4,9,0
11,4,10,0
11,4,11,0
11,5,0,0
11,5,1,0
11,5,2,32
11,5,3,39
11,5,4,0
11,5,5,0
11,5,6,0
11,5,7,0
11,5,8,0
11,5,9,0
11,5,10,0
11,5,11,0
11,6,0,0
11,6,1,0
11,6,2,0
11,6,3,0
11,6,4,0
11,6,5,0
11,6,6,0
11,6,7,0
11,6,8,0
11,6,9,0
11,6,10,0
11,6,11,0
11,7,0,0
11,7,1,0
11,7,2,0
11,7,3,0
11,7,4,0
11,7,5,0
11,7,6,0
11,7,7,0
11,7,8,0
11,7,9,0
11,7,10,0
11,7,11,0
6,0,0,0
6,0,1,0
6,0,2,0
6,0,3,0
6,0,4,0
6,0,5,0
6,0,6,0
6,0,7,0
6,0,8,0
6,0,9,0
6,0,10,0
6,0,11,0
6,1,0,0
6,1,1,0
6,1,2,0
6,1,3,0
6,1,4,0
6,1,5,0
6,1,6,0
6,1,7,0
6,1,8,0
6,1,9,0
6,1,10,0
6,1,11,0
6,2,0,0
6,2,1,0
6,2,2,0
6,2,3,0
6,2,4,0
6,2,5,0
6,2,6,0
6,2,7,0
6,2,8,0
6,2,9,0
6,2,10,0
6,2,11,0
6,3,0,0
6,3,1,0
6,3,2,0
6,3,3,0
6,3,4,0
6,3,5,0
6,3,6,0
6,3,7,0
6,3,8,0
6,3,9,0
6,3,10,0
6,3,11,0
6,4,0,0
6,4,1,0
6,4,2,0
6,4,3,0
6,4,4,0
6,4,5,0
6,4,6,0
6,4,7,0
6,4,8,0
6,4,9,0
6,4,10,0
6,4,11,0
6,5,0,0
6,5,1,0
6,5,2,0
6,5,3,50
6,5,4,0
6,5,5,0
6,5,6,0
6,5,7,0
6,5,8,0
6,5,9,0
6,5,10,0
6,5,11,0
6,6,0,364
6,6,1,0
6,6,2,24
6,6,3,64
6,6,4,79
6,6,5,0
6,6,6,0
6,6,7,0
6,6,8,0
6,6,9,0
6,6,10,0
6,6,11,0
6,7,0,221
6,7,1,80
6,7,2,27
6,7,3,30
6,7,4,40
6,7,5,9
6,7,6,0
6,7,7,0
6,7,8,0
6,7,9,0
6,7,10,0
6,7,11,0
1,0,0,0
1,0,1,0
1,0,2,0
1,0,3,0
1,0,4,0
1,0,5,0
1,0,6,0
1,0,7,0
1,0,8,0
1,0,9,0
1,0,10,0
1,0,11,0
1,1,0,0
1,1,1,0
1,1,2,0
1,1,3,0
1,1,4,0
1,1,5,0
1,1,6,0
1,1,7,0
1,1,8,0
1,1,9,0
1,1,10,0
1,1,11,0
1,2,0,0
1,2,1,0
1,2,2,0
1,2,3,0
1,2,4,0
1,2,5,0
1,2,6,0
1,2,7,0
1,2,8,0
1,2,9,0
1,2,10,0
1,2,11,0
1,3,0,0
1,3,1,0
1,3,2,0
1,3,3,0
1,3,4,0
1,3,5,0
1,3,6,0
1,3,7,0
1,3,8,0
1,3,9,0
1,3,10,0
1,3,11,0
1,4,0,0
1,4,1,0
1,4,2,0
1,4,3,0
1,4,4,0
1,4,5,0
1,4,6,0
1,4,7,0
1,4,8,0
1,4,9,0
1,4,10,0
1,4,11,0
1,5,0,0
1,5,1,0
1,5,2,0
1,5,3,0
1,5,4,0
1,5,5,0
1,5,6,0
1,5,7,0
1,5,8,0
1,5,9,0
1,5,10,0
1,5,11,0
1,6,0,0
1,6,1,0
1,6,2,0
1,6,3,0
1,6,4,0
1,6,5,0
1,6,6,0
1,6,7,0
1,6,8,0
1,6,9,35
1,6,10,0
1,6,11,0
1,7,0,0
1,7,1,0
1,7,2,0
1,7,3,0
1,7,4,0
1,7,5,0
1,7,6,0
1,7,7,0
1,7,8,0
1,7,9,8
1,7,10,29
1,7,11,0
10,0,0,0
10,0,1,0
10,0,2,0
10,0,3,0
10,0,4,0
10,0,5,0
10,0,6,0
10,0,7,0
10,0,8,0
10,0,9,0
10,0,10,0
10,0,11,0
10,1,0,0
10,1,1,0
10,1,2,0
10,1,3,0
10,1,4,0
10,1,5,0
10,1,6,0
10,1,7,0
10,1,8,0
10,1,9,0
10,1,10,0
10,1,11,0
10,2,0,82
10,2,1,61
10,2,2,32
10,2,3,32
10,2,4,27
10,2,5,0
10,2,6,0
10,2,7,0
10,2,8,0
10,2,9,0
10,2,10,0
10,2,11,0
10,3,0,489
10,3,1,66
10,3,2,31
10,3,3,2
10,3,4,45
10,3,5,0
10,3,6,0
10,3,7,0
10,3,8,0
10,3,9,0
10,3,10,0
10,3,11,0
10,4,0,61
10,4,1,41
10,4,2,0
10,4,3,0
10,4,4,0
10,4,5,0
10,4,6,0
10,4,7,0
10,4,8,0
10,4,9,0
10,4,10,0
10,4,11,0
10,5,0,0
10,5,1,0
10,5,2,0
10,5,3,0
10,5,4,0
10,5,5,0
10,5,6,0
10,5,7,0
10,5,8,0
10,5,9,0
10,5,10,0
10,5,11,0
10,6,0,0
10,6,1,0
10,6,2,0
10,6,3,0
10,6,4,0
10,6,5,0
10,6,6,0
10,6,7,0
10,6,8,0
10,6,9,0
10,6,10,0
10,6,11,0
10,7,0,0
10,7,1,0
10,7,2,0
10,7,3,0
10,7,4,0
10,7,5,0
10,7,6,0
10,7,7,0
10,7,8,0
10,7,9,0
10,7,10,0
10,7,11,0
9,0,0,0
9,0,1,0
9,0,2,0
9,0,3,0
9,0,4,0
9,0,5,0
9,0,6,0
9,0,7,0
9,0,8,0
9,0,9,0
9,0,10,0
9,0,11,0
9,1,0,0
9,1,1,0
9,1,2,0
9,1,3,0
9,1,4,0
9,1,5,0
9,1,6,0
9,1,7,0
9,1,8,0
9,1,9,0
9,1,10,0
9,1,11,0
9,2,0,0
9,2,1,0
9,2,2,0
9,2,3,0
9,2,4,0
9,2,5,0
9,2,6,0
9,2,7,0
9,2,8,0
9,2,9,0
9,2,10,0
9,2,11,0
9,3,0,34
9,3,1,0
9,3,2,0
9,3,3,0
9,3,4,0
9,3,5,0
9,3,6,0
9,3,7,0
9,3,8,0
9,3,9,0
9,3,10,0
9,3,11,0
9,4,0,38
9,4,1,0
9,4,2,0
9,4,3,0
9,4,4,0
9,4,5,0
9,4,6,0
9,4,7,0
9,4,8,0
9,4,9,0
9,4,10,0
9,4,11,0
9,5,0,0
9,5,1,0
9,5,2,0
9,5,3,0
9,5,4,0
9,5,5,0
9,5,6,0
9,5,7,0
9,5,8,0
9,5,9,0
9,5,10,0
9,5,11,0
9,6,0,0
9,6,1,0
9,6,2,0
9,6,3,0
9,6,4,0
9,6,5,0
9,6,6,0
9,6,7,0
9,6,8,0
9,6,9,0
9,6,10,0
9,6,11,0
9,7,0,0
9,7,1,0
9,7,2,0
9,7,3,0
9,7,4,0
9,7,5,0
9,7,6,0
9,7,7,0
9,7,8,0
9,7,9,0
9,7,10,0
9,7,11,0
17,0,0,0
17,0,1,0
17,0,2,0
17,0,3,0
17,0,4,0
17,0,5,0
17,0,6,0
17,0,7,0
17,0,8,0
17,0,9,0
17,0,10,0
17,0,11,0
17,1,0,0
17,1,1,0
17,1,2,0
17,1,3,0
17,1,4,0
17,1,5,0
17,1,6,0
17,1,7,0
17,1,8,0
17,1,9,0
17,1,10,0
17,1,11,0
17,2,0,0
17,2,1,0
17,2,2,0
17,2,3,0
17,2,4,0
17,2,5,0
17,2,6,0
17,2,7,0
17,2,8,0
17,2,9,0
17,2,10,0
17,2,11,0
17,3,0,0
17,3,1,0
17,3,2,0
17,3,3,0
17,3,4,0
17,3,5,0
17,3,6,0
17,3,7,0
17,3,8,0
17,3,9,22
17,3,10,50
17,3,11,0
17,4,0,0
17,4,1,0
17,4,2,0
17,4,3,0
17,4,4,0
17,4,5,0
17,4,6,0
17,4,7,0
17,4,8,0
17,4,9,0
17,4,10,0
17,4,11,0
17,5,0,0
17,5,1,0
17,5,2,0
17,5,3,0
17,5,4,0
17,5,5,0
17,5,6,0
17,5,7,0
17,5,8,0
17,5,9,0
17,5,10,0
17,5,11,0
17,6,0,0
17,6,1,0
17,6,2,0
17,6,3,0
17,6,4,0
17,6,5,0
17,6,6,0
17,6,7,0
17,6,8,0
17,6,9,0
17,6,10,0
17,6,11,0
17,7,0,0
17,7,1,0
17,7,2,0
17,7,3,0
17,7,4,0
17,7,5,0
17,7,6,0
17,7,7,0
17,7,8,0
17,7,9,0
17,7,10,0
17,7,11,0
13,0,0,0
13,0,1,0
13,0,2,0
13,0,3,0
13,0,4,0
13,0,5,0
13,0,6,0
13,0,7,0
13,0,8,0
13,0,9,0
13,0,10,0
13,0,11,0
13,1,0,0
13,1,1,0
13,1,2,0
13,1,3,0
13,1,4,0
13,1,5,0
13,1,6,0
13,1,7,0
13,1,8,0
13,1,9,0
13,1,10,0
13,1,11,0
13,2,0,0
13,2,1,0
13,2,2,0
13,2,3,0
13,2,4,0
13,2,5,0
13,2,6,0
13,2,7,0
13,2,8,0
13,2,9,72
13,2,10,0
13,2,11,0
13,3,0,0
13,3,1,0
13,3,2,0
13,3,3,0
13,3,4,0
13,3,5,0
13,3,6,0
13,3,7,0
13,3,8,0
13,3,9,0
13,3,10,0
13,3,11,0
13,4,0,0
13,4,1,0
13,4,2,0
13,4,3,0
13,4,4,0
13,4,5,0
13,4,6,0
13,4,7,0
13,4,8,0
13,4,9,0
13,4,10,0
13,4,11,0
13,5,0,0
13,5,1,0
13,5,2,0
13,5,3,0
13,5,4,0
13,5,5,0
13,5,6,0
13,5,7,0
13,5,8,0
13,5,9,0
13,5,10,0
13,5,11,0
13,6,0,0
13,6,1,0
13,6,2,0
13,6,3,0
13,6,4,0
13,6,5,0
13,6,6,0
13,6,7,0
13,6,8,0
13,6,9,0
13,6,10,0
13,6,11,0
13,7,0,0
13,7,1,0
13,7,2,0
13,7,3,0
13,7,4,0
13,7,5,0
13,7,6,0
13,7,7,0
13,7,8,0
13,7,9,0
13,7,10,0
13,7,11,0
16,0,0,0
16,0,1,0
16,0,2,0
16,0,3,0
16,0,4,0
16,0,5,0
16,0,6,0
16,0,7,0
16,0,8,0
16,0,9,0
16,0,10,0
16,0,11,0
16,1,0,0
16,1,1,0
16,1,2,0
16,1,3,0
16,1,4,0
16,1,5,0
16,1,6,0
16,1,7,0
16,1,8,0
16,1,9,0
16,1,10,0
16,1,11,0
16,2,0,0
16,2,1,0
16,2,2,0
16,2,3,0
16,2,4,0
16,2,5,0
16,2,6,0
16,2,7,0
16,2,8,0
16,2,9,0
16,2,10,0
16,2,11,0
16,3,0,0
16,3,1,0
16,3,2,0
16,3,3,0
16,3,4,0
16,3,5,0
16,3,6,0
16,3,7,72
16,3,8,0
16,3,9,0
16,3,10,0
16,3,11,0
16,4,0,0
16,4,1,0
16,4,2,0
16,4,3,0
16,4,4,0
16,4,5,0
16,4,6,0
16,4,7,0
16,4,8,0
16,4,9,0
16,4,10,0
16,4,11,0
16,5,0,0
16,5,1,0
16,5,2,0
16,5,3,0
16,5,4,0
16,5,5,0
16,5,6,0
16,5,7,0
16,5,8,0
16,5,9,0
16,5,10,0
16,5,11,0
16,6,0,0
16,6,1,0
16,6,2,0
16,6,3,0
16,6,4,0
16,6,5,0
16,6,6,0
16,6,7,0
16,6,8,0
16,6,9,0
16,6,10,0
16,6,11,0
16,7,0,0
16,7,1,0
16,7,2,0
16,7,3,0
16,7,4,0
16,7,5,0
16,7,6,0
16,7,7,0
16,7,8,0
16,7,9,0
16,7,10,0
16,7,11,0
8,0,0,0
8,0,1,0
8,0,2,0
8,0,3,0
8,0,4,0
8,0,5,0
8,0,6,0
8,0,7,0
8,0,8,0
8,0,9,0
8,0,10,0
8,0,11,0
8,1,0,0
8,1,1,0
8,1,2,0
8,1,3,0
8,1,4,0
8,1,5,0
8,1,6,0
8,1,7,0
8,1,8,0
8,1,9,0
8,1,10,0
8,1,11,0
8,2,0,0
8,2,1,0
8,2,2,0
8,2,3,0
8,2,4,0
8,2,5,0
8,2,6,0
8,2,7,0
8,2,8,0
8,2,9,0
8,2,10,0
8,2,11,0
8,3,0,0
8,3,1,0
8,3,2,0
8,3,3,0
8,3,4,0
8,3,5,0
8,3,6,0
8,3,7,0
8,3,8,0
8,3,9,0
8,3,10,0
8,3,11,0
8,4,0,0
8,4,1,0
8,4,2,0
8,4,3,0
8,4,4,26
8,4,5,39
8,4,6,50
8,4,7,0
8,4,8,0
8,4,9,0
8,4,10,0
8,4,11,0
8,5,0,0
8,5,1,0
8,5,2,0
8,5,3,0
8,5,4,0
8,5,5,0
8,5,6,0
8,5,7,0
8,5,8,0
8,5,9,0
8,5,10,0
8,5,11,0
8,6,0,0
8,6,1,0
8,6,2,0
8,6,3,0
8,6,4,0
8,6,5,0
8,6,6,0
8,6,7,0
8,6,8,0
8,6,9,0
8,6,10,0
8,6,11,0
8,7,0,0
8,7,1,0
8,7,2,0
8,7,3,0
8,7,4,0
8,7,5,0
8,7,6,0
8,7,7,0
8,7,8,0
8,7,9,0
8,7,10,0
8,7,11,0
15,0,0,0
15,0,1,0
15,0,2,0
15,0,3,0
15,0,4,0
15,0,5,0
15,0,6,0
15,0,7,0
15,0,8,0
15,0,9,0
15,0,10,0
15,0,11,0
15,1,0,0
15,1,1,0
15,1,2,0
15,1,3,0
15,1,4,0
15,1,5,0
15,1,6,0
15,1,7,0
15,1,8,0
15,1,9,0
15,1,10,0
15,1,11,0
15,2,0,26
15,2,1,16
15,2,2,19
15,2,3,16
15,2,4,40
15,2,5,38
15,2,6,0
15,2,7,0
15,2,8,0
15,2,9,0
15,2,10,0
15,2,11,0
15,3,0,255
15,3,1,23
15,3,2,5
15,3,3,0
15,3,4,0
15,3,5,0
15,3,6,0
15,3,7,0
15,3,8,0
15,3,9,0
15,3,10,0
15,3,11,0
15,4,0,512
15,4,1,0
15,4,2,0
15,4,3,0
15,4,4,0
15,4,5,0
15,4,6,0
15,4,7,0
15,4,8,0
15,4,9,0
15,4,10,0
15,4,11,0
15,5,0,19
15,5,1,0
15,5,2,0
15,5,3,0
15,5,4,0
15,5,5,0
15,5,6,0
15,5,7,0
15,5,8,0
15,5,9,0
15,5,10,0
15,5,11,0
15,6,0,0
15,6,1,0
15,6,2,0
15,6,3,0
15,6,4,0
15,6,5,0
15,6,6,0
15,6,7,0
15,6,8,0
15,6,9,0
15,6,10,0
15,6,11,0
15,7,0,0
15,7,1,0
15,7,2,0
15,7,3,0
15,7,4,0
15,7,5,0
15,7,6,0
15,7,7,0
15,7,8,0
15,7,9,0
15,7,10,0
15,7,11,0
12,0,0,0
12,0,1,0
12,0,2,0
12,0,3,0
12,0,4,0
12,0,5,0
12,0,6,0
12,0,7,0
12,0,8,0
12,0,9,0
12,0,10,0
12,0,11,0
12,1,0,0
12,1,1,0
12,1,2,0
12,1,3,0
12,1,4,0
12,1,5,0
12,1,6,0
12,1,7,0
12,1,8,0
12,1,9,0
12,1,10,0
12,1,11,0
12,2,0,0
12,2,1,0
12,2,2,0
12,2,3,0
12,2,4,0
12,2,5,0
12,2,6,0
12,2,7,0
12,2,8,0
12,2,9,0
12,2,10,0
12,2,11,0
12,3,0,0
12,3,1,0
12,3,2,0
12,3,3,0
12,3,4,0
12,3,5,41
12,3,6,0
12,3,7,0
12,3,8,0
12,3,9,0
12,3,10,0
12,3,11,0
12,4,0,0
12,4,1,0
12,4,2,0
12,4,3,0
12,4,4,0
12,4,5,31
12,4,6,0
12,4,7,0
12,4,8,0
12,4,9,0
12,4,10,0
12,4,11,0
12,5,0,0
12,5,1,0
12,5,2,0
12,5,3,0
12,5,4,0
12,5,5,0
12,5,6,0
12,5,7,0
12,5,8,0
12,5,9,0
12,5,10,0
12,5,11,0
12,6,0,0
12,6,1,0
12,6,2,0
12,6,3,0
12,6,4,0
12,6,5,0
12,6,6,0
12,6,7,0
12,6,8,0
12,6,9,0
12,6,10,0
12,6,11,0
12,7,0,0
12,7,1,0
12,7,2,0
12,7,3,0
12,7,4,0
12,7,5,0
12,7,6,0
12,7,7,0
12,7,8,0
12,7,9,0
12,7,10,0
12,7,11,0
5,0,0,0
5,0,1,0
5,0,2,0
5,0,3,0
5,0,4,0
5,0,5,0
5,0,6,0
5,0,7,0
5,0,8,0
5,0,9,0
5,0,10,0
5,0,11,0
5,1,0,0
5,1,1,0
5,1,2,0
5,1,3,0
5,1,4,0
5,1,5,0
5,1,6,0
5,1,7,0
5,1,8,0
5,1,9,0
5,1,10,0
5,1,11,0
5,2,0,0
5,2,1,0
5,2,2,0
5,2,3,0
5,2,4,0
5,2,5,0
5,2,6,0
5,2,7,0
5,2,8,0
5,2,9,0
5,2,10,0
5,2,11,0
5,3,0,0
5,3,1,0
5,3,2,0
5,3,3,0
5,3,4,0
5,3,5,0
5,3,6,0
5,3,7,0
5,3,8,0
5,3,9,0
5,3,10,0
5,3,11,0
5,4,0,0
5,4,1,5
5,4,2,0
5,4,3,0
5,4,4,0
5,4,5,0
5,4,6,0
5,4,7,0
5,4,8,0
5,4,9,0
5,4,10,0
5,4,11,0
5,5,0,0
5,5,1,0
5,5,2,0
5,5,3,0
5,5,4,0
5,5,5,0
5,5,6,0
5,5,7,0
5,5,8,0
5,5,9,0
5,5,10,0
5,5,11,0
5,6,0,0
5,6,1,0
5,6,2,0
5,6,3,0
5,6,4,0
5,6,5,0
5,6,6,0
5,6,7,0
5,6,8,0
5,6,9,0
5,6,10,0
5,6,11,0
5,7,0,0
5,7,1,0
5,7,2,0
5,7,3,0
5,7,4,0
5,7,5,0
5,7,6,0
5,7,7,0
5,7,8,0
5,7,9,0
5,7,10,0
5,7,11,0
18,0,0,0
18,0,1,0
18,0,2,0
18,0,3,0
18,0,4,0
18,0,5,0
18,0,6,0
18,0,7,0
18,0,8,0
18,0,9,0
18,0,10,0
18,0,11,0
18,1,0,0
18,1,1,0
18,1,2,0
18,1,3,0
18,1,4,0
18,1,5,0
18,1,6,0
18,1,7,0
18,1,8,0
18,1,9,0
18,1,10,0
18,1,11,0
18,2,0,0
18,2,1,0
18,2,2,0
18,2,3,0
18,2,4,0
18,2,5,0
18,2,6,0
18,2,7,0
18,2,8,0
18,2,9,0
18,2,10,0
18,2,11,0
18,3,0,329
18,3,1,21
18,3,2,20
18,3,3,56
18,3,4,160
18,3,5,11
18,3,6,0
18,3,7,0
18,3,8,0
18,3,9,0
18,3,10,0
18,3,11,0
18,4,0,359
18,4,1,14
18,4,2,15
18,4,3,7
18,4,4,0
18,4,5,0
18,4,6,0
18,4,7,0
18,4,8,0
18,4,9,0
18,4,10,0
18,4,11,0
18,5,0,0
18,5,1,0
18,5,2,0
18,5,3,0
18,5,4,0
18,5,5,0
18,5,6,0
18,5,7,0
18,5,8,0
18,5,9,0
18,5,10,0
18,5,11,0
18,6,0,0
18,6,1,0
18,6,2,0
18,6,3,0
18,6,4,0
18,6,5,0
18,6,6,0
18,6,7,0
18,6,8,0
18,6,9,0
18,6,10,0
18,6,11,0
18,7,0,0
18,7,1,0
18,7,2,0
18,7,3,0
18,7,4,0
18,7,5,0
18,7,6,0
18,7,7,0
18,7,8,0
18,7,9,0
18,7,10,0
18,7,11,0
3,0,0,0
3,0,1,0
3,0,2,0
3,0,3,0
3,0,4,0
3,0,5,0
3,0,6,0
3,0,7,0
3,0,8,0
3,0,9,0
3,0,10,0
3,0,11,0
3,1,0,0
3,1,1,0
3,1,2,0
3,1,3,0
3,1,4,0
3,1,5,0
3,1,6,0
3,1,7,0
3,1,8,0
3,1,9,0
3,1,10,0
3,1,11,0
3,2,0,0
3,2,1,0
3,2,2,0
3,2,3,0
3,2,4,0
3,2,5,0
3,2,6,0
3,2,7,0
3,2,8,0
3,2,9,0
3,2,10,0
3,2,11,0
3,3,0,0
3,3,1,0
3,3,2,0
3,3,3,0
3,3,4,0
3,3,5,0
3,3,6,0
3,3,7,0
3,3,8,0
3,3,9,0
3,3,10,0
3,3,11,0
3,4,0,0
3,4,1,27
3,4,2,45
3,4,3,0
3,4,4,0
3,4,5,0
3,4,6,0
3,4,7,0
3,4,8,0
3,4,9,0
3,4,10,0
3,4,11,0
3,5,0,0
3,5,1,0
3,5,2,0
3,5,3,0
3,5,4,0
3,5,5,0
3,5,6,0
3,5,7,0
3,5,8,0
3,5,9,0
3,5,10,0
3,5,11,0
3,6,0,0
3,6,1,0
3,6,2,0
3,6,3,0
3,6,4,0
3,6,5,0
3,6,6,0
3,6,7,0
3,6,8,0
3,6,9,0
3,6,10,0
3,6,11,0
3,7,0,0
3,7,1,0
3,7,2,0
3,7,3,0
3,7,4,0
3,7,5,0
3,7,6,0
3,7,7,0
3,7,8,0
3,7,9,0
3,7,10,0
3,7,11,0
19,0,0,0
19,0,1,0
19,0,2,0
19,0,3,0
19,0,4,0
19,0,5,0
19,0,6,0
19,0,7,0
19,0,8,0
19,0,9,0
19,0,10,0
19,0,11,0
19,1,0,0
19,1,1,0
19,1,2,0
19,1,3,0
19,1,4,0
19,1,5,0
19,1,6,0
19,1,7,0
19,1,8,0
19,1,9,0
19,1,10,0
19,1,11,59
19,2,0,0
19,2,1,0
19,2,2,0
19,2,3,0
19,2,4,0
19,2,5,0
19,2,6,0
19,2,7,0
19,2,8,0
19,2,9,0
19,2,10,0
19,2,11,0
19,3,0,0
19,3,1,0
19,3,2,0
19,3,3,0
19,3,4,0
19,3,5,0
19,3,6,0
19,3,7,0
19,3,8,0
19,3,9,0
19,3,10,0
19,3,11,0
19,4,0,0
19,4,1,0
19,4,2,0
19,4,3,0
19,4,4,0
19,4,5,0
19,4,6,0
19,4,7,0
19,4,8,0
19,4,9,0
19,4,10,0
19,4,11,0
19,5,0,0
19,5,1,0
19,5,2,0
19,5,3,0
19,5,4,0
19,5,5,0
19,5,6,0
19,5,7,0
19,5,8,0
19,5,9,0
19,5,10,0
19,5,11,0
19,6,0,0
19,6,1,0
19,6,2,0
19,6,3,0
19,6,4,0
19,6,5,0
19,6,6,0
19,6,7,0
19,6,8,0
19,6,9,0
19,6,10,0
19,6,11,0
19,7,0,0
19,7,1,0
19,7,2,0
19,7,3,0
19,7,4,0
19,7,5,0
19,7,6,0
19,7,7,0
19,7,8,0
19,7,9,0
19,7,10,0
19,7,11,0
20,0,0,0
20,0,1,0
20,0,2,0
20,0,3,0
20,0,4,0
20,0,5,0
20,0,6,0
20,0,7,0
20,0,8,0
20,0,9,0
20,0,10,0
20,0,11,0
20,1,0,0
20,1,1,0
20,1,2,0
20,1,3,0
20,1,4,0
20,1,5,0
20,1,6,0
20,1,7,0
20,1,8,0
20,1,9,0
20,1,10,0
20,1,11,0
20,2,0,0
20,2,1,0
20,2,2,0
20,2,3,0
20,2,4,0
20,2,5,0
20,2,6,0
20,2,7,0
20,2,8,0
20,2,9,0
20,2,10,0
20,2,11,0
20,3,0,48
20,3,1,0
20,3,2,0
20,3,3,0
20,3,4,0
20,3,5,0
20,3,6,0
20,3,7,0
20,3,8,0
20,3,9,0
20,3,10,0
20,3,11,0
20,4,0,0
20,4,1,0
20,4,2,0
20,4,3,0
20,4,4,0
20,4,5,0
20,4,6,0
20,4,7,0
20,4,8,0
20,4,9,0
20,4,10,0
20,4,11,0
20,5,0,0
20,5,1,0
20,5,2,0
20,5,3,0
20,5,4,0
20,5,5,0
20,5,6,0
20,5,7,0
20,5,8,0
20,5,9,0
20,5,10,0
20,5,11,0
20,6,0,0
20,6,1,0
20,6,2,0
20,6,3,0
20,6,4,0
20,6,5,0
20,6,6,0
20,6,7,0
20,6,8,0
20,6,9,0
20,6,10,0
20,6,11,0
20,7,0,0
20,7,1,0
20,7,2,0
20,7,3,0
20,7,4,0
20,7,5,0
20,7,6,0
20,7,7,0
20,7,8,0
20,7,9,0
20,7,10,0
20,7,11,0
22,0,0,0
22,0,1,0
22,0,2,0
22,0,3,0
22,0,4,0
22,0,5,0
22,0,6,0
22,0,7,0
22,0,8,0
22,0,9,0
22,0,10,0
22,0,11,0
22,1,0,0
22,1,1,0
22,1,2,0
22,1,3,0
22,1,4,0
22,1,5,0
22,1,6,0
22,1,7,0
22,1,8,0
22,1,9,0
22,1,10,0
22,1,11,0
22,2,0,0
22,2,1,0
22,2,2,0
22,2,3,0
22,2,4,0
22,2,5,0
22,2,6,0
22,2,7,0
22,2,8,0
22,2,9,0
22,2,10,0
22,2,11,0
22,3,0,0
22,3,1,0
22,3,2,0
22,3,3,0
22,3,4,0
22,3,5,0
22,3,6,0
22,3,7,0
22,3,8,0
22,3,9,0
22,3,10,0
22,3,11,0
22,4,0,0
22,4,1,9
22,4,2,29
22,4,3,0
22,4,4,0
22,4,5,0
22,4,6,0
22,4,7,0
22,4,8,0
22,4,9,0
22,4,10,0
22,4,11,0
22,5,0,0
22,5,1,0
22,5,2,0
22,5,3,0
22,5,4,0
22,5,5,0
22,5,6,0
22,5,7,0
22,5,8,0
22,5,9,0
22,5,10,0
22,5,11,0
22,6,0,0
22,6,1,0
22,6,2,0
22,6,3,0
22,6,4,0
22,6,5,0
22,6,6,0
22,6,7,0
22,6,8,0
22,6,9,0
22,6,10,0
22,6,11,0
22,7,0,0
22,7,1,0
22,7,2,0
22,7,3,0
22,7,4,0
22,7,5,0
22,7,6,0
22,7,7,0
22,7,8,0
22,7,9,0
22,7,10,0
22,7,11,0
26,0,0,0
26,0,1,0
26,0,2,0
26,0,3,0
26,0,4,0
26,0,5,0
26,0,6,0
26,0,7,0
26,0,8,0
26,0,9,0
26,0,10,0
26,0,11,0
26,1,0,0
26,1,1,0
26,1,2,0
26,1,3,0
26,1,4,0
26,1,5,0
26,1,6,0
26,1,7,0
26,1,8,0
26,1,9,0
26,1,10,0
26,1,11,0
26,2,0,0
26,2,1,0
26,2,2,0
26,2,3,0
26,2,4,0
26,2,5,0
26,2,6,0
26,2,7,0
26,2,8,0
26,2,9,0
26,2,10,0
26,2,11,0
26,3,0,0
26,3,1,0
26,3,2,0
26,3,3,0
26,3,4,0
26,3,5,0
26,3,6,0
26,3,7,0
26,3,8,0
26,3,9,0
26,3,10,0
26,3,11,0
26,4,0,0
26,4,1,0
26,4,2,0
26,4,3,0
26,4,4,0
26,4,5,0
26,4,6,0
26,4,7,0
26,4,8,0
26,4,9,0
26,4,10,0
26,4,11,0
26,5,0,0
26,5,1,0
26,5,2,0
26,5,3,0
26,5,4,0
26,5,5,0
26,5,6,0
26,5,7,0
26,5,8,0
26,5,9,0
26,5,10,0
26,5,11,0
26,6,0,0
26,6,1,0
26,6,2,0
26,6,3,0
26,6,4,0
26,6,5,0
26,6,6,0
26,6,7,0
26,6,8,0
26,6,9,0
26,6,10,0
26,6,11,0
26,7,0,182
26,7,1,265
26,7,2,34
26,7,3,31
26,7,4,26
26,7,5,27
26,7,6,36
26,7,7,103
26,7,8,62
26,7,9,45
26,7,10,19
26,7,11,84
32,0,0,0
32,0,1,0
32,0,2,0
32,0,3,0
32,0,4,0
32,0,5,0
32,0,6,0
32,0,7,0
32,0,8,0
32,0,9,0
32,0,10,0
32,0,11,0
32,1,0,0
32,1,1,0
32,1,2,0
32,1,3,0
32,1,4,0
32,1,5,0
32,1,6,0
32,1,7,0
32,1,8,0
32,1,9,0
32,1,10,0
32,1,11,0
32,2,0,0
32,2,1,0
32,2,2,0
32,2,3,0
32,2,4,0
32,2,5,0
32,2,6,0
32,2,7,0
32,2,8,0
32,2,9,0
32,2,10,0
32,2,11,0
32,3,0,276
32,3,1,8
32,3,2,0
32,3,3,0
32,3,4,0
32,3,5,0
32,3,6,0
32,3,7,0
32,3,8,0
32,3,9,0
32,3,10,0
32,3,11,0
32,4,0,622
32,4,1,0
32,4,2,0
32,4,3,0
32,4,4,0
32,4,5,0
32,4,6,0
32,4,7,0
32,4,8,0
32,4,9,0
32,4,10,0
32,4,11,0
32,5,0,0
32,5,1,0
32,5,2,0
32,5,3,0
32,5,4,0
32,5,5,0
32,5,6,0
32,5,7,0
32,5,8,0
32,5,9,0
32,5,10,0
32,5,11,0
32,6,0,0
32,6,1,0
32,6,2,0
32,6,3,0
32,6,4,0
32,6,5,0
32,6,6,0
32,6,7,0
32,6,8,0
32,6,9,0
32,6,10,0
32,6,11,0
32,7,0,0
32,7,1,0
32,7,2,0
32,7,3,0
32,7,4,0
32,7,5,0
32,7,6,0
32,7,7,0
32,7,8,0
32,7,9,0
32,7,10,0
32,7,11,0
40,0,0,0
40,0,1,0
40,0,2,0
40,0,3,0
40,0,4,0
40,0,5,0
40,0,6,0
40,0,7,0
40,0,8,0
40,0,9,0
40,0,10,0
40,0,11,0
40,1,0,0
40,1,1,0
40,1,2,0
40,1,3,0
40,1,4,0
40,1,5,0
40,1,6,0
40,1,7,0
40,1,8,0
40,1,9,0
40,1,10,0
40,1,11,0
40,2,0,0
40,2,1,0
40,2,2,0
40,2,3,0
40,2,4,0
40,2,5,0
40,2,6,0
40,2,7,0
40,2,8,0
40,2,9,0
40,2,10,0
40,2,11,0
40,3,0,0
40,3,1,0
40,3,2,0
40,3,3,0
40,3,4,0
40,3,5,0
40,3,6,0
40,3,7,0
40,3,8,0
40,3,9,0
40,3,10,0
40,3,11,0
40,4,0,98
40,4,1,18
40,4,2,28
40,4,3,66
40,4,4,0
40,4,5,0
40,4,6,0
40,4,7,0
40,4,8,0
40,4,9,0
40,4,10,0
40,4,11,0
40,5,0,263
40,5,1,0
40,5,2,0
40,5,3,0
40,5,4,0
40,5,5,0
40,5,6,0
40,5,7,0
40,5,8,0
40,5,9,0
40,5,10,0
40,5,11,0
40,6,0,30
40,6,1,0
40,6,2,0
40,6,3,0
40,6,4,0
40,6,5,0
40,6,6,0
40,6,7,0
40,6,8,0
40,6,9,0
40,6,10,0
40,6,11,0
40,7,0,0
40,7,1,0
40,7,2,0
40,7,3,0
40,7,4,0
40,7,5,0
40,7,6,0
40,7,7,0
40,7,8,0
40,7,9,0
40,7,10,0
40,7,11,0
31,0,0,0
31,0,1,0
31,0,2,0
31,0,3,0
31,0,4,0
31,0,5,0
31,0,6,0
31,0,7,0
31,0,8,0
31,0,9,0
31,0,10,0
31,0,11,0
31,1,0,0
31,1,1,0
31,1,2,0
31,1,3,0
31,1,4,0
31,1,5,0
31,1,6,0
31,1,7,0
31,1,8,0
31,1,9,0
31,1,10,0
31,1,11,0
31,2,0,0
31,2,1,0
31,2,2,0
31,2,3,0
31,2,4,0
31,2,5,0
31,2,6,0
31,2,7,0
31,2,8,0
31,2,9,0
31,2,10,0
31,2,11,0
31,3,0,0
31,3,1,0
31,3,2,0
31,3,3,0
31,3,4,0
31,3,5,0
31,3,6,0
31,3,7,0
31,3,8,75
31,3,9,22
31,3,10,0
31,3,11,0
31,4,0,0
31,4,1,0
31,4,2,0
31,4,3,0
31,4,4,0
31,4,5,0
31,4,6,0
31,4,7,0
31,4,8,10
31,4,9,0
31,4,10,0
31,4,11,0
31,5,0,0
31,5,1,0
31,5,2,0
31,5,3,0
31,5,4,0
31,5,5,0
31,5,6,0
31,5,7,0
31,5,8,0
31,5,9,0
31,5,10,0
31,5,11,0
31,6,0,0
31,6,1,0
31,6,2,0
31,6,3,0
31,6,4,0
31,6,5,0
31,6,6,0
31,6,7,0
31,6,8,0
31,6,9,0
31,6,10,0
31,6,11,0
31,7,0,0
31,7,1,0
31,7,2,0
31,7,3,0
31,7,4,0
31,7,5,0
31,7,6,0
31,7,7,0
31,7,8,0
31,7,9,0
31,7,10,0
31,7,11,0
34,0,0,0
34,0,1,0
34,0,2,0
34,0,3,0
34,0,4,0
34,0,5,0
34,0,6,0
34,0,7,0
34,0,8,0
34,0,9,0
34,0,10,0
34,0,11,0
34,1,0,0
34,1,1,0
34,1,2,0
34,1,3,0
34,1,4,0
34,1,5,0
34,1,6,0
34,1,7,0
34,1,8,0
34,1,9,0
34,1,10,0
34,1,11,0
34,2,0,0
34,2,1,0
34,2,2,0
34,2,3,0
34,2,4,0
34,2,5,0
34,2,6,0
34,2,7,0
34,2,8,0
34,2,9,0
34,2,10,0
34,2,11,0
34,3,0,0
34,3,1,0
34,3,2,0
34,3,3,0
34,3,4,0
34,3,5,0
34,3,6,0
34,3,7,0
34,3,8,0
34,3,9,0
34,3,10,0
34,3,11,0
34,4,0,0
34,4,1,0
34,4,2,0
34,4,3,0
34,4,4,0
34,4,5,0
34,4,6,0
34,4,7,0
34,4,8,0
34,4,9,0
34,4,10,0
34,4,11,0
34,5,0,0
34,5,1,0
34,5,2,0
34,5,3,0
34,5,4,50
34,5,5,39
34,5,6,1
34,5,7,0
34,5,8,0
34,5,9,0
34,5,10,0
34,5,11,0
34,6,0,150
34,6,1,35
34,6,2,32
34,6,3,29
34,6,4,59
34,6,5,0
34,6,6,0
34,6,7,0
34,6,8,0
34,6,9,0
34,6,10,0
34,6,11,0
34,7,0,55
34,7,1,0
34,7,2,0
34,7,3,0
34,7,4,0
34,7,5,0
34,7,6,0
34,7,7,0
34,7,8,0
34,7,9,0
34,7,10,0
34,7,11,0
29,0,0,0
29,0,1,0
29,0,2,0
29,0,3,0
29,0,4,0
29,0,5,0
29,0,6,0
29,0,7,0
29,0,8,0
29,0,9,0
29,0,10,0
29,0,11,0
29,1,0,0
29,1,1,0
29,1,2,0
29,1,3,0
29,1,4,0
29,1,5,0
29,1,6,0
29,1,7,0
29,1,8,0
29,1,9,0
29,1,10,0
29,1,11,0
29,2,0,0
29,2,1,0
29,2,2,0
29,2,3,0
29,2,4,0
29,2,5,0
29,2,6,0
29,2,7,0
29,2,8,0
29,2,9,0
29,2,10,0
29,2,11,0
29,3,0,0
29,3,1,0
29,3,2,0
29,3,3,0
29,3,4,0
29,3,5,0
29,3,6,0
29,3,7,0
29,3,8,0
29,3,9,0
29,3,10,0
29,3,11,0
29,4,0,0
29,4,1,0
29,4,2,0
29,4,3,0
29,4,4,0
29,4,5,0
29,4,6,0
29,4,7,0
29,4,8,0
29,4,9,0
29,4,10,0
29,4,11,0
29,5,0,226
29,5,1,0
29,5,2,0
29,5,3,0
29,5,4,0
29,5,5,0
29,5,6,0
29,5,7,0
29,5,8,0
29,5,9,0
29,5,10,0
29,5,11,0
29,6,0,127
29,6,1,0
29,6,2,0
29,6,3,0
29,6,4,0
29,6,5,0
29,6,6,0
29,6,7,0
29,6,8,0
29,6,9,0
29,6,10,0
29,6,11,0
29,7,0,137
29,7,1,18
29,7,2,0
29,7,3,0
29,7,4,0
29,7,5,0
29,7,6,0
29,7,7,0
29,7,8,0
29,7,9,0
29,7,10,0
29,7,11,0
28,0,0,0
28,0,1,0
28,0,2,0
28,0,3,0
28,0,4,0
28,0,5,0
28,0,6,0
28,0,7,0
28,0,8,0
28,0,9,0
28,0,10,0
28,0,11,0
28,1,0,0
28,1,1,0
28,1,2,0
28,1,3,0
28,1,4,0
28,1,5,0
28,1,6,0
28,1,7,0
28,1,8,0
28,1,9,0
28,1,10,0
28,1,11,0
28,2,0,0
28,2,1,0
28,2,2,0
28,2,3,0
28,2,4,0
28,2,5,0
28,2,6,0
28,2,7,0
28,2,8,0
28,2,9,0
28,2,10,0
28,2,11,0
28,3,0,0
28,3,1,0
28,3,2,0
28,3,3,0
28,3,4,0
28,3,5,0
28,3,6,0
28,3,7,0
28,3,8,0
28,3,9,0
28,3,10,0
28,3,11,0
28,4,0,0
28,4,1,0
28,4,2,0
28,4,3,0
28,4,4,0
28,4,5,0
28,4,6,0
28,4,7,0
28,4,8,0
28,4,9,0
28,4,10,0
28,4,11,0
28,5,0,0
28,5,1,0
28,5,2,0
28,5,3,0
28,5,4,0
28,5,5,0
28,5,6,0
28,5,7,0
28,5,8,0
28,5,9,0
28,5,10,7
28,5,11,0
28,6,0,0
28,6,1,0
28,6,2,0
28,6,3,0
28,6,4,0
28,6,5,0
28,6,6,0
28,6,7,0
28,6,8,0
28,6,9,0
28,6,10,0
28,6,11,0
28,7,0,0
28,7,1,0
28,7,2,0
28,7,3,0
28,7,4,0
28,7,5,0
28,7,6,0
28,7,7,0
28,7,8,0
28,7,9,0
28,7,10,0
28,7,11,0
30,0,0,0
30,0,1,0
30,0,2,0
30,0,3,0
30,0,4,0
30,0,5,0
30,0,6,0
30,0,7,0
30,0,8,0
30,0,9,0
30,0,10,0
30,0,11,0
30,1,0,0
30,1,1,0
30,1,2,0
30,1,3,0
30,1,4,0
30,1,5,0
30,1,6,0
30,1,7,0
30,1,8,0
30,1,9,0
30,1,10,0
30,1,11,0
30,2,0,0
30,2,1,0
30,2,2,0
30,2,3,0
30,2,4,0
30,2,5,0
30,2,6,0
30,2,7,0
30,2,8,0
30,2,9,0
30,2,10,0
30,2,11,0
30,3,0,0
30,3,1,0
30,3,2,0
30,3,3,0
30,3,4,0
30,3,5,0
30,3,6,0
30,3,7,0
30,3,8,0
30,3,9,0
30,3,10,0
30,3,11,0
30,4,0,0
30,4,1,0
30,4,2,0
30,4,3,0
30,4,4,0
30,4,5,0
30,4,6,0
30,4,7,0
30,4,8,0
30,4,9,0
30,4,10,0
30,4,11,0
30,5,0,0
30,5,1,0
30,5,2,0
30,5,3,0
30,5,4,0
30,5,5,0
30,5,6,0
30,5,7,0
30,5,8,0
30,5,9,0
30,5,10,0
30,5,11,0
30,6,0,0
30,6,1,0
30,6,2,0
30,6,3,0
30,6,4,0
30,6,5,0
30,6,6,0
30,6,7,0
30,6,8,50
30,6,9,35
30,6,10,0
30,6,11,0
30,7,0,33
30,7,1,9
30,7,2,11
30,7,3,10
30,7,4,12
30,7,5,13
30,7,6,13
30,7,7,19
30,7,8,26
30,7,9,0
30,7,10,0
30,7,11,0
35,0,0,0
35,0,1,0
35,0,2,0
35,0,3,0
35,0,4,0
35,0,5,0
35,0,6,0
35,0,7,0
35,0,8,0
35,0,9,0
35,0,10,0
35,0,11,0
35,1,0,0
35,1,1,0
35,1,2,0
35,1,3,0
35,1,4,0
35,1,5,0
35,1,6,0
35,1,7,0
35,1,8,0
35,1,9,0
35,1,10,0
35,1,11,0
35,2,0,84
35,2,1,0
35,2,2,0
35,2,3,0
35,2,4,0
35,2,5,0
35,2,6,0
35,2,7,0
35,2,8,0
35,2,9,0
35,2,10,0
35,2,11,0
35,3,0,821
35,3,1,0
35,3,2,0
35,3,3,0
35,3,4,0
35,3,5,0
35,3,6,0
35,3,7,0
35,3,8,0
35,3,9,0
35,3,10,0
35,3,11,0
35,4,0,5
35,4,1,0
35,4,2,0
35,4,3,0
35,4,4,0
35,4,5,0
35,4,6,0
35,4,7,0
35,4,8,0
35,4,9,0
35,4,10,0
35,4,11,0
35,5,0,0
35,5,1,0
35,5,2,0
35,5,3,0
35,5,4,0
35,5,5,0
35,5,6,0
35,5,7,0
35,5,8,0
35,5,9,0
35,5,10,0
35,5,11,0
35,6,0,0
35,6,1,0
35,6,2,0
35,6,3,0
35,6,4,0
35,6,5,0
35,6,6,0
35,6,7,0
35,6,8,0
35,6,9,0
35,6,10,0
35,6,11,0
35,7,0,0
35,7,1,0
35,7,2,0
35,7,3,0
35,7,4,0
35,7,5,0
35,7,6,0
35,7,7,0
35,7,8,0
35,7,9,0
35,7,10,0
35,7,11,0
33,0,0,0
33,0,1,0
33,0,2,0
33,0,3,0
33,0,4,0
33,0,5,0
33,0,6,0
33,0,7,0
33,0,8,0
33,0,9,0
33,0,10,0
33,0,11,0
33,1,0,0
33,1,1,0
33,1,2,0
33,1,3,0
33,1,4,0
33,1,5,0
33,1,6,0
33,1,7,0
33,1,8,0
33,1,9,0
33,1,10,0
33,1,11,0
33,2,0,0
33,2,1,0
33,2,2,0
33,2,3,0
33,2,4,0
33,2,5,0
33,2,6,0
33,2,7,0
33,2,8,0
33,2,9,0
33,2,10,0
33,2,11,0
33,3,0,0
33,3,1,0
33,3,2,0
33,3,3,0
33,3,4,0
33,3,5,0
33,3,6,0
33,3,7,0
33,3,8,0
33,3,9,0
33,3,10,0
33,3,11,0
33,4,0,75
33,4,1,0
33,4,2,0
33,4,3,0
33,4,4,0
33,4,5,0
33,4,6,0
33,4,7,0
33,4,8,0
33,4,9,0
33,4,10,0
33,4,11,0
33,5,0,142
33,5,1,0
33,5,2,0
33,5,3,0
33,5,4,0
33,5,5,0
33,5,6,0
33,5,7,0
33,5,8,0
33,5,9,0
33,5,10,0
33,5,11,0
33,6,0,62
33,6,1,0
33,6,2,0
33,6,3,0
33,6,4,0
33,6,5,0
33,6,6,0
33,6,7,0
33,6,8,0
33,6,9,0
33,6,10,0
33,6,11,0
33,7,0,0
33,7,1,0
33,7,2,0
33,7,3,0
33,7,4,0
33,7,5,0
33,7,6,0
33,7,7,0
33,7,8,0
33,7,9,0
33,7,10,0
33,7,11,0
36,0,0,0
36,0,1,0
36,0,2,0
36,0,3,0
36,0,4,0
36,0,5,0
36,0,6,0
36,0,7,0
36,0,8,0
36,0,9,0
36,0,10,0
36,0,11,0
36,1,0,0
36,1,1,0
36,1,2,0
36,1,3,0
36,1,4,0
36,1,5,0
36,1,6,0
36,1,7,0
36,1,8,0
36,1,9,0
36,1,10,0
36,1,11,0
36,2,0,0
36,2,1,0
36,2,2,0
36,2,3,0
36,2,4,0
36,2,5,0
36,2,6,0
36,2,7,0
36,2,8,0
36,2,9,0
36,2,10,0
36,2,11,0
36,3,0,0
36,3,1,0
36,3,2,0
36,3,3,0
36,3,4,0
36,3,5,0
36,3,6,0
36,3,7,0
36,3,8,0
36,3,9,0
36,3,10,0
36,3,11,0
36,4,0,0
36,4,1,0
36,4,2,0
36,4,3,1
36,4,4,23
36,4,5,0
36,4,6,0
36,4,7,0
36,4,8,0
36,4,9,0
36,4,10,0
36,4,11,0
36,5,0,0
36,5,1,0
36,5,2,0
36,5,3,0
36,5,4,0
36,5,5,0
36,5,6,0
36,5,7,0
36,5,8,0
36,5,9,0
36,5,10,0
36,5,11,0
36,6,0,0
36,6,1,0
36,6,2,0
36,6,3,0
36,6,4,0
36,6,5,0
36,6,6,0
36,6,7,0
36,6,8,0
36,6,9,0
36,6,10,0
36,6,11,0
36,7,0,0
36,7,1,0
36,7,2,0
36,7,3,0
36,7,4,0
36,7,5,0
36,7,6,0
36,7,7,0
36,7,8,0
36,7,9,0
36,7,10,0
36,7,11,0
39,0,0,0
39,0,1,0
39,0,2,0
39,0,3,0
39,0,4,0
39,0,5,0
39,0,6,0
39,0,7,0
39,0,8,0
39,0,9,0
39,0,10,0
39,0,11,0
39,1,0,0
39,1,1,0
39,1,2,0
39,1,3,0
39,1,4,0
39,1,5,0
39,1,6,0
39,1,7,0
39,1,8,0
39,1,9,0
39,1,10,0
39,1,11,0
39,2,0,0
39,2,1,0
39,2,2,0
39,2,3,0
39,2,4,0
39,2,5,0
39,2,6,0
39,2,7,0
39,2,8,0
39,2,9,0
39,2,10,0
39,2,11,0
39,3,0,0
39,3,1,0
39,3,2,0
39,3,3,0
39,3,4,10
39,3,5,0
39,3,6,0
39,3,7,0
39,3,8,0
39,3,9,0
39,3,10,0
39,3,11,0
39,4,0,0
39,4,1,0
39,4,2,0
39,4,3,0
39,4,4,0
39,4,5,0
39,4,6,0
39,4,7,0
39,4,8,0
39,4,9,0
39,4,10,0
39,4,11,0
39,5,0,0
39,5,1,0
39,5,2,0
39,5,3,0
39,5,4,0
39,5,5,0
39,5,6,0
39,5,7,0
39,5,8,0
39,5,9,0
39,5,10,0
39,5,11,0
39,6,0,0
39,6,1,0
39,6,2,0
39,6,3,0
39,6,4,0
39,6,5,0
39,6,6,0
39,6,7,0
39,6,8,0
39,6,9,0
39,6,10,0
39,6,11,0
39,7,0,0
39,7,1,0
39,7,2,0
39,7,3,0
39,7,4,0
39,7,5,0
39,7,6,0
39,7,7,0
39,7,8,0
39,7,9,0
39,7,10,0
39,7,11,0
37,0,0,0
37,0,1,0
37,0,2,0
37,0,3,0
37,0,4,0
37,0,5,0
37,0,6,0
37,0,7,0
37,0,8,0
37,0,9,0
37,0,10,0
37,0,11,0
37,1,0,0
37,1,1,0
37,1,2,0
37,1,3,0
37,1,4,0
37,1,5,0
37,1,6,0
37,1,7,0
37,1,8,0
37,1,9,0
37,1,10,0
37,1,11,0
37,2,0,0
37,2,1,0
37,2,2,0
37,2,3,0
37,2,4,0
37,2,5,0
37,2,6,0
37,2,7,0
37,2,8,0
37,2,9,0
37,2,10,0
37,2,11,0
37,3,0,0
37,3,1,0
37,3,2,0
37,3,3,0
37,3,4,0
37,3,5,5
37,3,6,32
37,3,7,5
37,3,8,0
37,3,9,0
37,3,10,0
37,3,11,0
37,4,0,0
37,4,1,21
37,4,2,56
37,4,3,62
37,4,4,24
37,4,5,69
37,4,6,0
37,4,7,0
37,4,8,0
37,4,9,0
37,4,10,0
37,4,11,0
37,5,0,0
37,5,1,11
37,5,2,0
37,5,3,0
37,5,4,0
37,5,5,0
37,5,6,0
37,5,7,0
37,5,8,0
37,5,9,0
37,5,10,0
37,5,11,0
37,6,0,0
37,6,1,0
37,6,2,0
37,6,3,0
37,6,4,0
37,6,5,0
37,6,6,0
37,6,7,0
37,6,8,0
37,6,9,0
37,6,10,0
37,6,11,0
37,7,0,0
37,7,1,0
37,7,2,0
37,7,3,0
37,7,4,0
37,7,5,0
37,7,6,0
37,7,7,0
37,7,8,0
37,7,9,0
37,7,10,0
37,7,11,0
38,0,0,0
38,0,1,0
38,0,2,0
38,0,3,0
38,0,4,0
38,0,5,0
38,0,6,0
38,0,7,0
38,0,8,0
38,0,9,0
38,0,10,0
38,0,11,0
38,1,0,0
38,1,1,0
38,1,2,0
38,1,3,0
38,1,4,0
38,1,5,0
38,1,6,0
38,1,7,0
38,1,8,0
38,1,9,0
38,1,10,0
38,1,11,0
38,2,0,0
38,2,1,0
38,2,2,0
38,2,3,0
38,2,4,0
38,2,5,0
38,2,6,13
38,2,7,64
38,2,8,38
38,2,9,13
38,2,10,0
38,2,11,0
38,3,0,0
38,3,1,0
38,3,2,0
38,3,3,0
38,3,4,0
38,3,5,85
38,3,6,26
38,3,7,0
38,3,8,0
38,3,9,0
38,3,10,0
38,3,11,0
38,4,0,0
38,4,1,0
38,4,2,0
38,4,3,0
38,4,4,0
38,4,5,0
38,4,6,0
38,4,7,0
38,4,8,0
38,4,9,0
38,4,10,0
38,4,11,0
38,5,0,0
38,5,1,0
38,5,2,0
38,5,3,0
38,5,4,0
38,5,5,0
38,5,6,0
38,5,7,0
38,5,8,0
38,5,9,0
38,5,10,0
38,5,11,0
38,6,0,0
38,6,1,0
38,6,2,0
38,6,3,0
38,6,4,0
38,6,5,0
38,6,6,0
38,6,7,0
38,6,8,0
38,6,9,0
38,6,10,0
38,6,11,0
38,7,0,0
38,7,1,0
38,7,2,0
38,7,3,0
38,7,4,0
38,7,5,0
38,7,6,0
38,7,7,0
38,7,8,0
38,7,9,0
38,7,10,0
38,7,11,0
42,0,0,0
42,0,1,0
42,0,2,0
42,0,3,0
42,0,4,0
42,0,5,0
42,0,6,0
42,0,7,0
42,0,8,0
42,0,9,0
42,0,10,0
42,0,11,0
42,1,0,0
42,1,1,0
42,1,2,0
42,1,3,0
42,1,4,0
42,1,5,0
42,1,6,0
42,1,7,0
42,1,8,0
42,1,9,0
42,1,10,0
42,1,11,0
42,2,0,0
42,2,1,0
42,2,2,0
42,2,3,0
42,2,4,5
42,2,5,0
42,2,6,0
42,2,7,0
42,2,8,0
42,2,9,0
42,2,10,0
42,2,11,0
42,3,0,0
42,3,1,0
42,3,2,0
42,3,3,0
42,3,4,0
42,3,5,0
42,3,6,0
42,3,7,0
42,3,8,0
42,3,9,0
42,3,10,0
42,3,11,0
42,4,0,0
42,4,1,0
42,4,2,0
42,4,3,0
42,4,4,0
42,4,5,0
42,4,6,0
42,4,7,0
42,4,8,0
42,4,9,0
42,4,10,0
42,4,11,0
42,5,0,0
42,5,1,0
42,5,2,0
42,5,3,0
42,5,4,0
42,5,5,0
42,5,6,0
42,5,7,0
42,5,8,0
42,5,9,0
42,5,10,0
42,5,11,0
42,6,0,0
42,6,1,0
42,6,2,0
42,6,3,0
42,6,4,0
42,6,5,0
42,6,6,0
42,6,7,0
42,6,8,0
42,6,9,0
42,6,10,0
42,6,11,0
42,7,0,0
42,7,1,0
42,7,2,0
42,7,3,0
42,7,4,0
42,7,5,0
42,7,6,0
42,7,7,0
42,7,8,0
42,7,9,0
42,7,10,0
42,7,11,0
41,0,0,0
41,0,1,0
41,0,2,0
41,0,3,0
41,0,4,0
41,0,5,0
41,0,6,0
41,0,7,0
41,0,8,0
41,0,9,0
41,0,10,0
41,0,11,0
41,1,0,0
41,1,1,0
41,1,2,0
41,1,3,0
41,1,4,0
41,1,5,0
41,1,6,0
41,1,7,0
41,1,8,0
41,1,9,0
41,1,10,0
41,1,11,0
41,2,0,0
41,2,1,0
41,2,2,0
41,2,3,0
41,2,4,0
41,2,5,0
41,2,6,0
41,2,7,0
41,2,8,0
41,2,9,0
41,2,10,0
41,2,11,0
41,3,0,0
41,3,1,0
41,3,2,0
41,3,3,0
41,3,4,0
41,3,5,0
41,3,6,0
41,3,7,0
41,3,8,0
41,3,9,0
41,3,10,0
41,3,11,0
41,4,0,0
41,4,1,0
41,4,2,0
41,4,3,0
41,4,4,1
41,4,5,2
41,4,6,0
41,4,7,0
41,4,8,0
41,4,9,0
41,4,10,0
41,4,11,0
41,5,0,0
41,5,1,0
41,5,2,0
41,5,3,0
41,5,4,0
41,5,5,0
41,5,6,0
41,5,7,0
41,5,8,0
41,5,9,0
41,5,10,0
41,5,11,0
41,6,0,0
41,6,1,0
41,6,2,0
41,6,3,0
41,6,4,0
41,6,5,0
41,6,6,0
41,6,7,0
41,6,8,0
41,6,9,0
41,6,10,0
41,6,11,0
41,7,0,0
41,7,1,0
41,7,2,0
41,7,3,0
41,7,4,0
41,7,5,0
41,7,6,0
41,7,7,0
41,7,8,0
41,7,9,0
41,7,10,0
41,7,11,0
43,0,0,0
43,0,1,0
43,0,2,0
43,0,3,0
43,0,4,0
43,0,5,0
43,0,6,0
43,0,7,0
43,0,8,0
43,0,9,0
43,0,10,0
43,0,11,0
43,1,0,0
43,1,1,0
43,1,2,0
43,1,3,0
43,1,4,0
43,1,5,0
43,1,6,0
43,1,7,0
43,1,8,0
43,1,9,0
43,1,10,0
43,1,11,0
43,2,0,0
43,2,1,0
43,2,2,0
43,2,3,0
43,2,4,0
43,2,5,0
43,2,6,0
43,2,7,0
43,2,8,0
43,2,9,0
43,2,10,0
43,2,11,0
43,3,0,0
43,3,1,0
43,3,2,0
43,3,3,0
43,3,4,0
43,3,5,0
43,3,6,0
43,3,7,0
43,3,8,0
43,3,9,0
43,3,10,0
43,3,11,0
43,4,0,0
43,4,1,0
43,4,2,37
43,4,3,0
43,4,4,52
43,4,5,70
43,4,6,0
43,4,7,0
43,4,8,0
43,4,9,0
43,4,10,0
43,4,11,0
43,5,0,0
43,5,1,0
43,5,2,60
43,5,3,34
43,5,4,5
43,5,5,0
43,5,6,0
43,5,7,0
43,5,8,0
43,5,9,0
43,5,10,0
43,5,11,0
43,6,0,0
43,6,1,0
43,6,2,0
43,6,3,0
43,6,4,0
43,6,5,0
43,6,6,0
43,6,7,0
43,6,8,0
43,6,9,0
43,6,10,0
43,6,11,0
43,7,0,0
43,7,1,0
43,7,2,0
43,7,3,0
43,7,4,0
43,7,5,0
43,7,6,0
43,7,7,0
43,7,8,0
43,7,9,0
43,7,10,0
43,7,11,0
44,0,0,0
44,0,1,0
44,0,2,0
44,0,3,0
44,0,4,0
44,0,5,0
44,0,6,0
44,0,7,0
44,0,8,0
44,0,9,0
44,0,10,0
44,0,11,0
44,1,0,0
44,1,1,0
44,1,2,0
44,1,3,0
44,1,4,0
44,1,5,0
44,1,6,0
44,1,7,0
44,1,8,0
44,1,9,0
44,1,10,0
44,1,11,0
44,2,0,0
44,2,1,0
44,2,2,0
44,2,3,0
44,2,4,0
44,2,5,0
44,2,6,0
44,2,7,0
44,2,8,0
44,2,9,0
44,2,10,0
44,2,11,0
44,3,0,1
44,3,1,0
44,3,2,0
44,3,3,0
44,3,4,0
44,3,5,0
44,3,6,0
44,3,7,0
44,3,8,0
44,3,9,0
44,3,10,0
44,3,11,0
44,4,0,194
44,4,1,0
44,4,2,11
44,4,3,43
44,4,4,9
44,4,5,0
44,4,6,0
44,4,7,0
44,4,8,0
44,4,9,0
44,4,10,0
44,4,11,0
44,5,0,83
44,5,1,22
44,5,2,15
44,5,3,0
44,5,4,0
44,5,5,0
44,5,6,0
44,5,7,0
44,5,8,0
44,5,9,0
44,5,10,0
44,5,11,0
44,6,0,516
44,6,1,0
44,6,2,0
44,6,3,0
44,6,4,0
44,6,5,0
44,6,6,0
44,6,7,0
44,6,8,0
44,6,9,0
44,6,10,0
44,6,11,0
44,7,0,0
44,7,1,0
44,7,2,0
44,7,3,0
44,7,4,0
44,7,5,0
44,7,6,0
44,7,7,0
44,7,8,0
44,7,9,0
44,7,10,0
44,7,11,0
53,0,0,0
53,0,1,0
53,0,2,0
53,0,3,0
53,0,4,0
53,0,5,0
53,0,6,0
53,0,7,0
53,0,8,0
53,0,9,0
53,0,10,0
53,0,11,0
53,1,0,0
53,1,1,0
53,1,2,0
53,1,3,0
53,1,4,0
53,1,5,0
53,1,6,0
53,1,7,0
53,1,8,0
53,1,9,0
53,1,10,0
53,1,11,0
53,2,0,0
53,2,1,0
53,2,2,0
53,2,3,0
53,2,4,0
53,2,5,0
53,2,6,0
53,2,7,0
53,2,8,0
53,2,9,0
53,2,10,0
53,2,11,0
53,3,0,0
53,3,1,0
53,3,2,0
53,3,3,0
53,3,4,0
53,3,5,0
53,3,6,0
53,3,7,0
53,3,8,0
53,3,9,0
53,3,10,0
53,3,11,0
53,4,0,0
53,4,1,1
53,4,2,6
53,4,3,14
53,4,4,23
53,4,5,36
53,4,6,0
53,4,7,0
53,4,8,0
53,4,9,0
53,4,10,0
53,4,11,0
53,5,0,364
53,5,1,20
53,5,2,10
53,5,3,0
53,5,4,0
53,5,5,0
53,5,6,0
53,5,7,0
53,5,8,0
53,5,9,0
53,5,10,0
53,5,11,0
53,6,0,0
53,6,1,0
53,6,2,0
53,6,3,0
53,6,4,0
53,6,5,0
53,6,6,0
53,6,7,0
53,6,8,0
53,6,9,0
53,6,10,0
53,6,11,0
53,7,0,0
53,7,1,0
53,7,2,0
53,7,3,0
53,7,4,0
53,7,5,0
53,7,6,0
53,7,7,0
53,7,8,0
53,7,9,0
53,7,10,0
53,7,11,0
54,0,0,0
54,0,1,0
54,0,2,0
54,0,3,0
54,0,4,0
54,0,5,0
54,0,6,0
54,0,7,0
54,0,8,0
54,0,9,0
54,0,10,0
54,0,11,0
54,1,0,0
54,1,1,0
54,1,2,0
54,1,3,0
54,1,4,0
54,1,5,0
54,1,6,0
54,1,7,0
54,1,8,0
54,1,9,0
54,1,10,0
54,1,11,0
54,2,0,0
54,2,1,0
54,2,2,0
54,2,3,0
54,2,4,0
54,2,5,0
54,2,6,0
54,2,7,0
54,2,8,0
54,2,9,0
54,2,10,0
54,2,11,0
54,3,0,0
54,3,1,0
54,3,2,0
54,3,3,0
54,3,4,0
54,3,5,0
54,3,6,0
54,3,7,0
54,3,8,0
54,3,9,0
54,3,10,0
54,3,11,0
54,4,0,0
54,4,1,0
54,4,2,27
54,4,3,9
54,4,4,0
54,4,5,0
54,4,6,0
54,4,7,0
54,4,8,0
54,4,9,0
54,4,10,0
54,4,11,0
54,5,0,201
54,5,1,23
54,5,2,1
54,5,3,0
54,5,4,0
54,5,5,0
54,5,6,0
54,5,7,0
54,5,8,0
54,5,9,0
54,5,10,0
54,5,11,0
54,6,0,133
54,6,1,0
54,6,2,0
54,6,3,0
54,6,4,0
54,6,5,0
54,6,6,0
54,6,7,0
54,6,8,0
54,6,9,0
54,6,10,0
54,6,11,0
54,7,0,0
54,7,1,0
54,7,2,0
54,7,3,0
54,7,4,0
54,7,5,0
54,7,6,0
54,7,7,0
54,7,8,0
54,7,9,0
54,7,10,0
54,7,11,0
52,0,0,0
52,0,1,0
52,0,2,0
52,0,3,0
52,0,4,0
52,0,5,0
52,0,6,0
52,0,7,0
52,0,8,0
52,0,9,0
52,0,10,0
52,0,11,0
52,1,0,0
52,1,1,0
52,1,2,0
52,1,3,0
52,1,4,0
52,1,5,0
52,1,6,0
52,1,7,0
52,1,8,0
52,1,9,0
52,1,10,0
52,1,11,10
52,2,0,0
52,2,1,0
52,2,2,0
52,2,3,0
52,2,4,0
52,2,5,0
52,2,6,0
52,2,7,0
52,2,8,0
52,2,9,0
52,2,10,0
52,2,11,0
52,3,0,0
52,3,1,0
52,3,2,0
52,3,3,0
52,3,4,0
52,3,5,0
52,3,6,0
52,3,7,0
52,3,8,0
52,3,9,0
52,3,10,0
52,3,11,0
52,4,0,0
52,4,1,0
52,4,2,0
52,4,3,0
52,4,4,0
52,4,5,0
52,4,6,0
52,4,7,0
52,4,8,0
52,4,9,0
52,4,10,0
52,4,11,0
52,5,0,0
52,5,1,0
52,5,2,0
52,5,3,0
52,5,4,0
52,5,5,0
52,5,6,0
52,5,7,0
52,5,8,0
52,5,9,0
52,5,10,0
52,5,11,0
52,6,0,0
52,6,1,0
52,6,2,0
52,6,3,0
52,6,4,0
52,6,5,0
52,6,6,0
52,6,7,0
52,6,8,0
52,6,9,0
52,6,10,0
52,6,11,0
52,7,0,0
52,7,1,0
52,7,2,0
52,7,3,0
52,7,4,0
52,7,5,0
52,7,6,0
52,7,7,0
52,7,8,0
52,7,9,0
52,7,10,0
52,7,11,0
116,0,0,0
116,0,1,0
116,0,2,0
116,0,3,0
116,0,4,0
116,0,5,0
116,0,6,0
116,0,7,0
116,0,8,0
116,0,9,0
116,0,10,0
116,0,11,0
116,1,0,46
116,1,1,0
116,1,2,0
116,1,3,0
116,1,4,0
116,1,5,0
116,1,6,0
116,1,7,0
116,1,8,0
116,1,9,0
116,1,10,0
116,1,11,0
116,2,0,0
116,2,1,0
116,2,2,0
116,2,3,0
116,2,4,0
116,2,5,0
116,2,6,0
116,2,7,0
116,2,8,0
116,2,9,0
116,2,10,0
116,2,11,0
116,3,0,0
116,3,1,0
116,3,2,0
116,3,3,0
116,3,4,0
116,3,5,0
116,3,6,0
116,3,7,0
116,3,8,0
116,3,9,0
116,3,10,0
116,3,11,0
116,4,0,0
116,4,1,0
116,4,2,0
116,4,3,0
116,4,4,0
116,4,5,0
116,4,6,0
116,4,7,0
116,4,8,0
116,4,9,0
116,4,10,0
116,4,11,0
116,5,0,0
116,5,1,0
116,5,2,0
116,5,3,0
116,5,4,0
116,5,5,0
116,5,6,0
116,5,7,0
116,5,8,0
116,5,9,0
116,5,10,0
116,5,11,0
116,6,0,0
116,6,1,0
116,6,2,0
116,6,3,0
116,6,4,0
116,6,5,0
116,6,6,0
116,6,7,0
116,6,8,0
116,6,9,0
116,6,10,0
116,6,11,0
116,7,0,0
116,7,1,0
116,7,2,0
116,7,3,0
116,7,4,0
116,7,5,0
116,7,6,0
116,7,7,0
116,7,8,0
116,7,9,0
116,7,10,0
116,7,11,0
121,0,0,0
121,0,1,0
121,0,2,0
121,0,3,0
121,0,4,0
121,0,5,0
121,0,6,0
121,0,7,0
121,0,8,0
121,0,9,0
121,0,10,0
121,0,11,0
121,1,0,0
121,1,1,0
121,1,2,0
121,1,3,0
121,1,4,0
121,1,5,0
121,1,6,0
121,1,7,0
121,1,8,0
121,1,9,0
121,1,10,0
121,1,11,0
121,2,0,0
121,2,1,0
121,2,2,0
121,2,3,0
121,2,4,0
121,2,5,0
121,2,6,0
121,2,7,0
121,2,8,0
121,2,9,0
121,2,10,0
121,2,11,0
121,3,0,0
121,3,1,0
121,3,2,0
121,3,3,0
121,3,4,0
121,3,5,0
121,3,6,0
121,3,7,0
121,3,8,0
121,3,9,0
121,3,10,0
121,3,11,0
121,4,0,0
121,4,1,0
121,4,2,0
121,4,3,0
121,4,4,0
121,4,5,0
121,4,6,64
121,4,7,13
121,4,8,0
121,4,9,0
121,4,10,0
121,4,11,0
121,5,0,0
121,5,1,0
121,5,2,0
121,5,3,0
121,5,4,0
121,5,5,0
121,5,6,0
121,5,7,0
121,5,8,0
121,5,9,0
121,5,10,0
121,5,11,0
121,6,0,0
121,6,1,0
121,6,2,0
121,6,3,0
121,6,4,0
121,6,5,0
121,6,6,0
121,6,7,0
121,6,8,0
121,6,9,0
121,6,10,0
121,6,11,0
121,7,0,0
121,7,1,0
121,7,2,0
121,7,3,0
121,7,4,0
121,7,5,0
121,7,6,0
121,7,7,0
121,7,8,0
121,7,9,0
121,7,10,0
121,7,11,0
122,0,0,0
122,0,1,0
122,0,2,0
122,0,3,0
122,0,4,0
122,0,5,0
122,0,6,0
122,0,7,0
122,0,8,0
122,0,9,0
122,0,10,0
122,0,11,0
122,1,0,0
122,1,1,0
122,1,2,0
122,1,3,0
122,1,4,0
122,1,5,0
122,1,6,0
122,1,7,0
122,1,8,0
122,1,9,0
122,1,10,0
122,1,11,0
122,2,0,0
122,2,1,0
122,2,2,0
122,2,3,0
122,2,4,0
122,2,5,0
122,2,6,0
122,2,7,0
122,2,8,0
122,2,9,0
122,2,10,0
122,2,11,0
122,3,0,0
122,3,1,0
122,3,2,0
122,3,3,0
122,3,4,0
122,3,5,0
122,3,6,0
122,3,7,0
122,3,8,0
122,3,9,0
122,3,10,0
122,3,11,0
122,4,0,0
122,4,1,0
122,4,2,0
122,4,3,0
122,4,4,0
122,4,5,0
122,4,6,0
122,4,7,0
122,4,8,0
122,4,9,0
122,4,10,0
122,4,11,0
122,5,0,0
122,5,1,0
122,5,2,0
122,5,3,0
122,5,4,0
122,5,5,0
122,5,6,0
122,5,7,0
122,5,8,0
122,5,9,0
122,5,10,0
122,5,11,0
122,6,0,0
122,6,1,0
122,6,2,0
122,6,3,0
122,6,4,0
122,6,5,0
122,6,6,7
122,6,7,30
122,6,8,0
122,6,9,0
122,6,10,0
122,6,11,0
122,7,0,0
122,7,1,0
122,7,2,0
122,7,3,0
122,7,4,0
122,7,5,0
122,7,6,0
122,7,7,0
122,7,8,0
122,7,9,0
122,7,10,0
122,7,11,0
130,0,0,0
130,0,1,0
130,0,2,0
130,0,3,0
130,0,4,0
130,0,5,0
130,0,6,0
130,0,7,0
130,0,8,0
130,0,9,0
130,0,10,0
130,0,11,0
130,1,0,29
130,1,1,0
130,1,2,0
130,1,3,0
130,1,4,0
130,1,5,0
130,1,6,0
130,1,7,0
130,1,8,0
130,1,9,0
130,1,10,0
130,1,11,0
130,2,0,0
130,2,1,0
130,2,2,0
130,2,3,0
130,2,4,0
130,2,5,0
130,2,6,0
130,2,7,0
130,2,8,0
130,2,9,0
130,2,10,0
130,2,11,0
130,3,0,0
130,3,1,0
130,3,2,0
130,3,3,0
130,3,4,0
130,3,5,0
130,3,6,0
130,3,7,0
130,3,8,0
130,3,9,0
130,3,10,0
130,3,11,0
130,4,0,0
130,4,1,0
130,4,2,0
130,4,3,0
130,4,4,0
130,4,5,0
130,4,6,0
130,4,7,0
130,4,8,0
130,4,9,0
130,4,10,0
130,4,11,0
130,5,0,0
130,5,1,0
130,5,2,0
130,5,3,0
130,5,4,0
130,5,5,0
130,5,6,0
130,5,7,0
130,5,8,0
130,5,9,0
130,5,10,0
130,5,11,0
130,6,0,0
130,6,1,0
130,6,2,0
130,6,3,0
130,6,4,0
130,6,5,0
130,6,6,0
130,6,7,0
130,6,8,0
130,6,9,0
130,6,10,0
130,6,11,0
130,7,0,0
130,7,1,0
130,7,2,0
130,7,3,0
130,7,4,0
130,7,5,0
130,7,6,0
130,7,7,0
130,7,8,0
130,7,9,0
130,7,10,0
130,7,11,0
140,0,0,0
140,0,1,0
140,0,2,0
140,0,3,0
140,0,4,0
140,0,5,0
140,0,6,0
140,0,7,0
140,0,8,0
140,0,9,0
140,0,10,0
140,0,11,0
140,1,0,0
140,1,1,0
140,1,2,0
140,1,3,0
140,1,4,0
140,1,5,0
140,1,6,0
140,1,7,0
140,1,8,0
140,1,9,0
140,1,10,0
140,1,11,0
140,2,0,0
140,2,1,0
140,2,2,0
140,2,3,0
140,2,4,0
140,2,5,0
140,2,6,0
140,2,7,0
140,2,8,0
140,2,9,0
140,2,10,0
140,2,11,0
140,3,0,0
140,3,1,0
140,3,2,0
140,3,3,0
140,3,4,0
140,3,5,0
140,3,6,0
140,3,7,0
140,3,8,0
140,3,9,0
140,3,10,0
140,3,11,0
140,4,0,404
140,4,1,0
140,4,2,0
140,4,3,0
140,4,4,0
140,4,5,0
140,4,6,0
140,4,7,0
140,4,8,0
140,4,9,0
140,4,10,0
140,4,11,0
140,5,0,0
140,5,1,0
140,5,2,0
140,5,3,0
140,5,4,0
140,5,5,0
140,5,6,0
140,5,7,0
140,5,8,0
140,5,9,0
140,5,10,0
140,5,11,0
140,6,0,0
140,6,1,0
140,6,2,0
140,6,3,0
140,6,4,0
140,6,5,0
140,6,6,0
140,6,7,0
140,6,8,0
140,6,9,0
140,6,10,0
140,6,11,0
140,7,0,0
140,7,1,0
140,7,2,0
140,7,3,0
140,7,4,0
140,7,5,0
140,7,6,0
140,7,7,0
140,7,8,0
140,7,9,0
140,7,10,0
140,7,11,0
162,0,0,0
162,0,1,0
162,0,2,0
162,0,3,0
162,0,4,0
162,0,5,0
162,0,6,0
162,0,7,0
162,0,8,0
162,0,9,0
162,0,10,0
162,0,11,0
162,1,0,0
162,1,1,0
162,1,2,0
162,1,3,0
162,1,4,0
162,1,5,0
162,1,6,0
162,1,7,0
162,1,8,0
162,1,9,0
162,1,10,0
162,1,11,0
162,2,0,0
162,2,1,0
162,2,2,0
162,2,3,0
162,2,4,0
162,2,5,0
162,2,6,0
162,2,7,0
162,2,8,0
162,2,9,0
162,2,10,0
162,2,11,0
162,3,0,0
162,3,1,0
162,3,2,0
162,3,3,0
162,3,4,0
162,3,5,0
162,3,6,0
162,3,7,0
162,3,8,0
162,3,9,0
162,3,10,0
162,3,11,0
162,4,0,0
162,4,1,0
162,4,2,0
162,4,3,0
162,4,4,0
162,4,5,0
162,4,6,0
162,4,7,0
162,4,8,0
162,4,9,0
162,4,10,0
162,4,11,0
162,5,0,0
162,5,1,0
162,5,2,0
162,5,3,0
162,5,4,0
162,5,5,0
162,5,6,0
162,5,7,0
162,5,8,0
162,5,9,0
162,5,10,0
162,5,11,0
162,6,0,0
162,6,1,0
162,6,2,0
162,6,3,0
162,6,4,0
162,6,5,0
162,6,6,0
162,6,7,0
162,6,8,0
162,6,9,0
162,6,10,0
162,6,11,0
162,7,0,31
162,7,1,5
162,7,2,0
162,7,3,0
162,7,4,0
162,7,5,0
162,7,6,0
162,7,7,0
162,7,8,0
162,7,9,0
162,7,10,0
162,7,11,0
161,0,0,0
161,0,1,0
161,0,2,0
161,0,3,0
161,0,4,0
161,0,5,0
161,0,6,0
161,0,7,0
161,0,8,0
161,0,9,0
161,0,10,0
161,0,11,0
161,1,0,0
161,1,1,0
161,1,2,0
161,1,3,0
161,1,4,0
161,1,5,0
161,1,6,0
161,1,7,0
161,1,8,0
161,1,9,0
161,1,10,0
161,1,11,0
161,2,0,0
161,2,1,0
161,2,2,0
161,2,3,0
161,2,4,0
161,2,5,0
161,2,6,0
161,2,7,0
161,2,8,0
161,2,9,0
161,2,10,0
161,2,11,0
161,3,0,0
161,3,1,0
161,3,2,0
161,3,3,0
161,3,4,0
161,3,5,0
161,3,6,0
161,3,7,0
161,3,8,0
161,3,9,0
161,3,10,0
161,3,11,0
161,4,0,0
161,4,1,0
161,4,2,0
161,4,3,0
161,4,4,0
161,4,5,0
161,4,6,0
161,4,7,0
161,4,8,0
161,4,9,0
161,4,10,0
161,4,11,0
161,5,0,0
161,5,1,6
161,5,2,0
161,5,3,0
161,5,4,0
161,5,5,0
161,5,6,0
161,5,7,0
161,5,8,0
161,5,9,0
161,5,10,0
161,5,11,0
161,6,0,0
161,6,1,0
161,6,2,0
161,6,3,0
161,6,4,0
161,6,5,0
161,6,6,0
161,6,7,0
161,6,8,0
161,6,9,0
161,6,10,0
161,6,11,0
161,7,0,0
161,7,1,0
161,7,2,0
161,7,3,0
161,7,4,0
161,7,5,0
161,7,6,0
161,7,7,0
161,7,8,0
161,7,9,0
161,7,10,0
161,7,11,0
200,0,0,0
200,0,1,0
200,0,2,0
200,0,3,0
200,0,4,0
200,0,5,0
200,0,6,0
200,0,7,0
200,0,8,0
200,0,9,0
200,0,10,0
200,0,11,0
200,1,0,1
200,1,1,0
200,1,2,0
200,1,3,0
200,1,4,0
200,1,5,0
200,1,6,0
200,1,7,0
200,1,8,0
200,1,9,0
200,1,10,0
200,1,11,0
200,2,0,0
200,2,1,0
200,2,2,0
200,2,3,0
200,2,4,0
200,2,5,0
200,2,6,0
200,2,7,0
200,2,8,0
200,2,9,0
200,2,10,0
200,2,11,0
200,3,0,0
200,3,1,0
200,3,2,0
200,3,3,0
200,3,4,0
200,3,5,0
200,3,6,0
200,3,7,0
200,3,8,0
200,3,9,0
200,3,10,0
200,3,11,0
200,4,0,0
200,4,1,0
200,4,2,0
200,4,3,0
200,4,4,0
200,4,5,0
200,4,6,0
200,4,7,0
200,4,8,0
200,4,9,0
200,4,10,0
200,4,11,0
200,5,0,0
200,5,1,0
200,5,2,0
200,5,3,0
200,5,4,0
200,5,5,0
200,5,6,0
200,5,7,0
200,5,8,0
200,5,9,0
200,5,10,0
200,5,11,0
200,6,0,0
200,6,1,0
200,6,2,0
200,6,3,0
200,6,4,0
200,6,5,0
200,6,6,0
200,6,7,0
200,6,8,0
200,6,9,0
200,6,10,0
200,6,11,0
200,7,0,0
200,7,1,0
200,7,2,0
200,7,3,0
200,7,4,0
200,7,5,0
200,7,6,0
200,7,7,0
200,7,8,0
200,7,9,0
200,7,10,0
200,7,11,0
213,0,0,0
213,0,1,0
213,0,2,0
213,0,3,0
213,0,4,0
213,0,5,0
213,0,6,0
213,0,7,0
213,0,8,0
213,0,9,0
213,0,10,0
213,0,11,0
213,1,0,0
213,1,1,0
213,1,2,0
213,1,3,0
213,1,4,0
213,1,5,0
213,1,6,0
213,1,7,0
213,1,8,0
213,1,9,0
213,1,10,0
213,1,11,0
213,2,0,0
213,2,1,0
213,2,2,0
213,2,3,0
213,2,4,0
213,2,5,0
213,2,6,0
213,2,7,0
213,2,8,0
213,2,9,0
213,2,10,0
213,2,11,0
213,3,0,2
213,3,1,0
213,3,2,0
213,3,3,0
213,3,4,0
213,3,5,0
213,3,6,0
213,3,7,0
213,3,8,0
213,3,9,0
213,3,10,0
213,3,11,0
213,4,0,460
213,4,1,0
213,4,2,0
213,4,3,0
213,4,4,0
213,4,5,0
213,4,6,0
213,4,7,0
213,4,8,0
213,4,9,0
213,4,10,0
213,4,11,0
213,5,0,0
213,5,1,0
213,5,2,0
213,5,3,0
213,5,4,0
213,5,5,0
213,5,6,0
213,5,7,0
213,5,8,0
213,5,9,0
213,5,10,0
213,5,11,0
213,6,0,0
213,6,1,0
213,6,2,0
213,6,3,0
213,6,4,0
213,6,5,0
213,6,6,0
213,6,7,0
213,6,8,0
213,6,9,0
213,6,10,0
213,6,11,0
213,7,0,0
213,7,1,0
213,7,2,0
213,7,3,0
213,7,4,0
213,7,5,0
213,7,6,0
213,7,7,0
213,7,8,0
213,7,9,0
213,7,10,0
213,7,11,0
214,0,0,0
214,0,1,0
214,0,2,0
214,0,3,0
214,0,4,0
214,0,5,0
214,0,6,0
214,0,7,0
214,0,8,0
214,0,9,0
214,0,10,0
214,0,11,0
214,1,0,0
214,1,1,0
214,1,2,0
214,1,3,0
214,1,4,0
214,1,5,0
214,1,6,0
214,1,7,0
214,1,8,0
214,1,9,0
214,1,10,0
214,1,11,0
214,2,0,0
214,2,1,0
214,2,2,0
214,2,3,0
214,2,4,0
214,2,5,0
214,2,6,0
214,2,7,0
214,2,8,0
214,2,9,0
214,2,10,0
214,2,11,0
214,3,0,46
214,3,1,0
214,3,2,0
214,3,3,0
214,3,4,0
214,3,5,0
214,3,6,0
214,3,7,0
214,3,8,0
214,3,9,0
214,3,10,0
214,3,11,0
214,4,0,415
214,4,1,0
214,4,2,0
214,4,3,0
214,4,4,0
214,4,5,0
214,4,6,0
214,4,7,0
214,4,8,0
214,4,9,0
214,4,10,0
214,4,11,0
214,5,0,0
214,5,1,0
214,5,2,0
214,5,3,0
214,5,4,0
214,5,5,0
214,5,6,0
214,5,7,0
214,5,8,0
214,5,9,0
214,5,10,0
214,5,11,0
214,6,0,0
214,6,1,0
214,6,2,0
214,6,3,0
214,6,4,0
214,6,5,0
214,6,6,0
214,6,7,0
214,6,8,0
214,6,9,0
214,6,10,0
214,6,11,0
214,7,0,0
214,7,1,0
214,7,2,0
214,7,3,0
214,7,4,0
214,7,5,0
214,7,6,0
214,7,7,0
214,7,8,0
214,7,9,0
214,7,10,0
214,7,11,0
225,0,0,0
225,0,1,0
225,0,2,0
225,0,3,0
225,0,4,0
225,0,5,0
225,0,6,0
225,0,7,0
225,0,8,0
225,0,9,0
225,0,10,0
225,0,11,0
225,1,0,0
225,1,1,0
225,1,2,0
225,1,3,0
225,1,4,0
225,1,5,0
225,1,6,0
225,1,7,0
225,1,8,0
225,1,9,0
225,1,10,0
225,1,11,0
225,2,0,0
225,2,1,0
225,2,2,0
225,2,3,0
225,2,4,0
225,2,5,0
225,2,6,0
225,2,7,0
225,2,8,0
225,2,9,0
225,2,10,0
225,2,11,0
225,3,0,0
225,3,1,0
225,3,2,0
225,3,3,0
225,3,4,0
225,3,5,0
225,3,6,0
225,3,7,0
225,3,8,0
225,3,9,0
225,3,10,0
225,3,11,0
225,4,0,315
225,4,1,0
225,4,2,0
225,4,3,0
225,4,4,0
225,4,5,0
225,4,6,0
225,4,7,0
225,4,8,0
225,4,9,0
225,4,10,0
225,4,11,0
225,5,0,0
225,5,1,0
225,5,2,0
225,5,3,0
225,5,4,0
225,5,5,0
225,5,6,0
225,5,7,0
225,5,8,0
225,5,9,0
225,5,10,0
225,5,11,0
225,6,0,0
225,6,1,0
225,6,2,0
225,6,3,0
225,6,4,0
225,6,5,0
225,6,6,0
225,6,7,0
225,6,8,0
225,6,9,0
225,6,10,0
225,6,11,0
225,7,0,0
225,7,1,0
225,7,2,0
225,7,3,0
225,7,4,0
225,7,5,0
225,7,6,0
225,7,7,0
225,7,8,0
225,7,9,0
225,7,10,0
225,7,11,0
235,0,0,0
235,0,1,0
235,0,2,0
235,0,3,0
235,0,4,0
235,0,5,0
235,0,6,0
235,0,7,0
235,0,8,0
235,0,9,0
235,0,10,0
235,0,11,0
235,1,0,0
235,1,1,0
235,1,2,0
235,1,3,0
235,1,4,0
235,1,5,0
235,1,6,0
235,1,7,0
235,1,8,0
235,1,9,0
235,1,10,0
235,1,11,0
235,2,0,0
235,2,1,0
235,2,2,0
235,2,3,0
235,2,4,0
235,2,5,0
235,2,6,0
235,2,7,0
235,2,8,0
235,2,9,0
235,2,10,0
235,2,11,0
235,3,0,0
235,3,1,0
235,3,2,0
235,3,3,0
235,3,4,0
235,3,5,0
235,3,6,0
235,3,7,0
235,3,8,0
235,3,9,0
235,3,10,0
235,3,11,0
235,4,0,0
235,4,1,0
235,4,2,0
235,4,3,0
235,4,4,0
235,4,5,0
235,4,6,0
235,4,7,0
235,4,8,0
235,4,9,0
235,4,10,0
235,4,11,0
235,5,0,100
235,5,1,0
235,5,2,0
235,5,3,0
235,5,4,0
235,5,5,0
235,5,6,0
235,5,7,0
235,5,8,0
235,5,9,0
235,5,10,0
235,5,11,0
235,6,0,152
235,6,1,0
235,6,2,0
235,6,3,0
235,6,4,0
235,6,5,0
235,6,6,0
235,6,7,0
235,6,8,0
235,6,9,0
235,6,10,0
235,6,11,0
235,7,0,0
235,7,1,0
235,7,2,0
235,7,3,0
235,7,4,0
235,7,5,0
235,7,6,0
235,7,7,0
235,7,8,0
235,7,9,0
235,7,10,0
235,7,11,0
234,0,0,0
234,0,1,0
234,0,2,0
234,0,3,0
234,0,4,0
234,0,5,0
234,0,6,0
234,0,7,0
234,0,8,0
234,0,9,0
234,0,10,0
234,0,11,0
234,1,0,0
234,1,1,0
234,1,2,0
234,1,3,0
234,1,4,0
234,1,5,0
234,1,6,0
234,1,7,0
234,1,8,0
234,1,9,0
234,1,10,0
234,1,11,0
234,2,0,0
234,2,1,0
234,2,2,0
234,2,3,0
234,2,4,0
234,2,5,0
234,2,6,0
234,2,7,0
234,2,8,0
234,2,9,0
234,2,10,0
234,2,11,0
234,3,0,0
234,3,1,0
234,3,2,0
234,3,3,0
234,3,4,0
234,3,5,0
234,3,6,0
234,3,7,0
234,3,8,0
234,3,9,0
234,3,10,0
234,3,11,0
234,4,0,0
234,4,1,0
234,4,2,0
234,4,3,0
234,4,4,0
234,4,5,0
234,4,6,0
234,4,7,0
234,4,8,0
234,4,9,0
234,4,10,0
234,4,11,0
234,5,0,0
234,5,1,0
234,5,2,0
234,5,3,0
234,5,4,0
234,5,5,0
234,5,6,0
234,5,7,0
234,5,8,0
234,5,9,0
234,5,10,0
234,5,11,0
234,6,0,49
234,6,1,0
234,6,2,0
234,6,3,0
234,6,4,0
234,6,5,0
234,6,6,0
234,6,7,0
234,6,8,0
234,6,9,0
234,6,10,0
234,6,11,0
234,7,0,0
234,7,1,0
234,7,2,0
234,7,3,0
234,7,4,0
234,7,5,0
234,7,6,0
234,7,7,0
234,7,8,0
234,7,9,0
234,7,10,0
234,7,11,0
287,0,0,0
287,0,1,0
287,0,2,0
287,0,3,0
287,0,4,0
287,0,5,0
287,0,6,0
287,0,7,0
287,0,8,0
287,0,9,0
287,0,10,0
287,0,11,0
287,1,0,0
287,1,1,0
287,1,2,0
287,1,3,0
287,1,4,0
287,1,5,0
287,1,6,0
287,1,7,0
287,1,8,0
287,1,9,0
287,1,10,0
287,1,11,0
287,2,0,0
287,2,1,0
287,2,2,0
287,2,3,0
287,2,4,0
287,2,5,0
287,2,6,0
287,2,7,0
287,2,8,0
287,2,9,0
287,2,10,0
287,2,11,0
287,3,0,8
287,3,1,0
287,3,2,0
287,3,3,0
287,3,4,0
287,3,5,0
287,3,6,0
287,3,7,0
287,3,8,0
287,3,9,0
287,3,10,0
287,3,11,0
287,4,0,0
287,4,1,0
287,4,2,0
287,4,3,0
287,4,4,0
287,4,5,0
287,4,6,0
287,4,7,0
287,4,8,0
287,4,9,0
287,4,10,0
287,4,11,0
287,5,0,0
287,5,1,0
287,5,2,0
287,5,3,0
287,5,4,0
287,5,5,0
287,5,6,0
287,5,7,0
287,5,8,0
287,5,9,0
287,5,10,0
287,5,11,0
287,6,0,0
287,6,1,0
287,6,2,0
287,6,3,0
287,6,4,0
287,6,5,0
287,6,6,0
287,6,7,0
287,6,8,0
287,6,9,0
287,6,10,0
287,6,11,0
287,7,0,0
287,7,1,0
287,7,2,0
287,7,3,0
287,7,4,0
287,7,5,0
287,7,6,0
287,7,7,0
287,7,8,0
287,7,9,0
287,7,10,0
287,7,11,0
293,0,0,0
293,0,1,0
293,0,2,0
293,0,3,0
293,0,4,0
293,0,5,0
293,0,6,0
293,0,7,0
293,0,8,0
293,0,9,0
293,0,10,0
293,0,11,0
293,1,0,0
293,1,1,0
293,1,2,0
293,1,3,0
293,1,4,0
293,1,5,0
293,1,6,0
293,1,7,0
293,1,8,0
293,1,9,0
293,1,10,0
293,1,11,0
293,2,0,0
293,2,1,0
293,2,2,0
293,2,3,0
293,2,4,0
293,2,5,0
293,2,6,0
293,2,7,0
293,2,8,0
293,2,9,0
293,2,10,0
293,2,11,0
293,3,0,22
293,3,1,0
293,3,2,0
293,3,3,0
293,3,4,0
293,3,5,0
293,3,6,0
293,3,7,0
293,3,8,0
293,3,9,0
293,3,10,0
293,3,11,0
293,4,0,1
293,4,1,0
293,4,2,0
293,4,3,0
293,4,4,0
293,4,5,0
293,4,6,0
293,4,7,0
293,4,8,0
293,4,9,0
293,4,10,0
293,4,11,0
293,5,0,0
293,5,1,0
293,5,2,0
293,5,3,0
293,5,4,0
293,5,5,0
293,5,6,0
293,5,7,0
293,5,8,0
293,5,9,0
293,5,10,0
293,5,11,0
293,6,0,0
293,6,1,0
293,6,2,0
293,6,3,0
293,6,4,0
293,6,5,0
293,6,6,0
293,6,7,0
293,6,8,0
293,6,9,0
293,6,10,0
293,6,11,0
293,7,0,0
293,7,1,0
293,7,2,0
293,7,3,0
293,7,4,0
293,7,5,0
293,7,6,0
293,7,7,0
293,7,8,0
293,7,9,0
293,7,10,0
293,7,11,0
294,0,0,0
294,0,1,0
294,0,2,0
294,0,3,0
294,0,4,0
294,0,5,0
294,0,6,0
294,0,7,0
294,0,8,0
294,0,9,0
294,0,10,0
294,0,11,0
294,1,0,0
294,1,1,0
294,1,2,0
294,1,3,0
294,1,4,0
294,1,5,0
294,1,6,0
294,1,7,0
294,1,8,0
294,1,9,0
294,1,10,0
294,1,11,0
294,2,0,0
294,2,1,0
294,2,2,0
294,2,3,0
294,2,4,0
294,2,5,0
294,2,6,0
294,2,7,0
294,2,8,0
294,2,9,0
294,2,10,0
294,2,11,0
294,3,0,0
294,3,1,0
294,3,2,0
294,3,3,0
294,3,4,0
294,3,5,0
294,3,6,0
294,3,7,0
294,3,8,0
294,3,9,0
294,3,10,0
294,3,11,0
294,4,0,12
294,4,1,0
294,4,2,0
294,4,3,0
294,4,4,0
294,4,5,0
294,4,6,0
294,4,7,0
294,4,8,0
294,4,9,0
294,4,10,0
294,4,11,0
294,5,0,14
294,5,1,0
294,5,2,0
294,5,3,0
294,5,4,0
294,5,5,0
294,5,6,0
294,5,7,0
294,5,8,0
294,5,9,0
294,5,10,0
294,5,11,0
294,6,0,0
294,6,1,0
294,6,2,0
294,6,3,0
294,6,4,0
294,6,5,0
294,6,6,0
294,6,7,0
294,6,8,0
294,6,9,0
294,6,10,0
294,6,11,0
294,7,0,0
294,7,1,0
294,7,2,0
294,7,3,0
294,7,4,0
294,7,5,0
294,7,6,0
294,7,7,0
294,7,8,0
294,7,9,0
294,7,10,0
294,7,11,0
300,0,0,0
300,0,1,0
300,0,2,0
300,0,3,0
300,0,4,0
300,0,5,0
300,0,6,0
300,0,7,0
300,0,8,0
300,0,9,0
300,0,10,0
300,0,11,0
300,1,0,0
300,1,1,0
300,1,2,0
300,1,3,0
300,1,4,0
300,1,5,0
300,1,6,0
300,1,7,0
300,1,8,0
300,1,9,0
300,1,10,0
300,1,11,0
300,2,0,0
300,2,1,0
300,2,2,0
300,2,3,0
300,2,4,0
300,2,5,0
300,2,6,0
300,2,7,0
300,2,8,0
300,2,9,0
300,2,10,0
300,2,11,0
300,3,0,8
300,3,1,0
300,3,2,0
300,3,3,0
300,3,4,0
300,3,5,0
300,3,6,0
300,3,7,0
300,3,8,0
300,3,9,0
300,3,10,0
300,3,11,0
300,4,0,0
300,4,1,0
300,4,2,0
300,4,3,0
300,4,4,0
300,4,5,0
300,4,6,0
300,4,7,0
300,4,8,0
300,4,9,0
300,4,10,0
300,4,11,0
300,5,0,0
300,5,1,0
300,5,2,0
300,5,3,0
300,5,4,0
300,5,5,0
300,5,6,0
300,5,7,0
300,5,8,0
300,5,9,0
300,5,10,0
300,5,11,0
300,6,0,0
300,6,1,0
300,6,2,0
300,6,3,0
300,6,4,0
300,6,5,0
300,6,6,0
300,6,7,0
300,6,8,0
300,6,9,0
300,6,10,0
300,6,11,0
300,7,0,0
300,7,1,0
300,7,2,0
300,7,3,0
300,7,4,0
300,7,5,0
300,7,6,0
300,7,7,0
300,7,8,0
300,7,9,0
300,7,10,0
300,7,11,0
310,0,0,0
310,0,1,0
310,0,2,0
310,0,3,0
310,0,4,0
310,0,5,0
310,0,6,0
310,0,7,0
310,0,8,0
310,0,9,0
310,0,10,0
310,0,11,0
310,1,0,0
310,1,1,0
310,1,2,0
310,1,3,0
310,1,4,0
310,1,5,0
310,1,6,0
310,1,7,0
310,1,8,0
310,1,9,0
310,1,10,0
310,1,11,0
310,2,0,0
310,2,1,0
310,2,2,0
310,2,3,0
310,2,4,0
310,2,5,0
310,2,6,0
310,2,7,0
310,2,8,0
310,2,9,0
310,2,10,0
310,2,11,0
310,3,0,0
310,3,1,0
310,3,2,0
310,3,3,0
310,3,4,0
310,3,5,0
310,3,6,0
310,3,7,0
310,3,8,0
310,3,9,0
310,3,10,0
310,3,11,0
310,4,0,4
310,4,1,29
310,4,2,25
310,4,3,41
310,4,4,22
310,4,5,5
310,4,6,0
310,4,7,0
310,4,8,0
310,4,9,0
310,4,10,0
310,4,11,0
310,5,0,69
310,5,1,0
310,5,2,0
310,5,3,0
310,5,4,0
310,5,5,0
310,5,6,0
310,5,7,0
310,5,8,0
310,5,9,0
310,5,10,0
310,5,11,0
310,6,0,174
310,6,1,0
310,6,2,0
310,6,3,0
310,6,4,0
310,6,5,0
310,6,6,0
310,6,7,0
310,6,8,0
310,6,9,0
310,6,10,0
310,6,11,0
310,7,0,118
310,7,1,0
310,7,2,0
310,7,3,0
310,7,4,0
310,7,5,0
310,7,6,0
310,7,7,0
310,7,8,0
310,7,9,0
310,7,10,0
310,7,11,0
313,0,0,0
313,0,1,0
313,0,2,0
313,0,3,0
313,0,4,0
313,0,5,0
313,0,6,0
313,0,7,0
313,0,8,0
313,0,9,0
313,0,10,0
313,0,11,0
313,1,0,0
313,1,1,0
313,1,2,0
313,1,3,0
313,1,4,0
313,1,5,0
313,1,6,0
313,1,7,0
313,1,8,0
313,1,9,0
313,1,10,0
313,1,11,0
313,2,0,0
313,2,1,0
313,2,2,0
313,2,3,0
313,2,4,0
313,2,5,0
313,2,6,0
313,2,7,0
313,2,8,0
313,2,9,0
313,2,10,0
313,2,11,0
313,3,0,13
313,3,1,0
313,3,2,0
313,3,3,0
313,3,4,0
313,3,5,0
313,3,6,0
313,3,7,0
313,3,8,0
313,3,9,0
313,3,10,0
313,3,11,0
313,4,0,0
313,4,1,0
313,4,2,0
313,4,3,0
313,4,4,0
313,4,5,0
313,4,6,0
313,4,7,0
313,4,8,0
313,4,9,0
313,4,10,0
313,4,11,0
313,5,0,0
313,5,1,0
313,5,2,0
313,5,3,0
313,5,4,0
313,5,5,0
313,5,6,0
313,5,7,0
313,5,8,0
313,5,9,0
313,5,10,0
313,5,11,0
313,6,0,0
313,6,1,0
313,6,2,0
313,6,3,0
313,6,4,0
313,6,5,0
313,6,6,0
313,6,7,0
313,6,8,0
313,6,9,0
313,6,10,0
313,6,11,0
313,7,0,0
313,7,1,0
313,7,2,0
313,7,3,0
313,7,4,0
313,7,5,0
313,7,6,0
313,7,7,0
313,7,8,0
313,7,9,0
313,7,10,0
313,7,11,0
328,0,0,0
328,0,1,0
328,0,2,0
328,0,3,0
328,0,4,0
328,0,5,0
328,0,6,0
328,0,7,0
328,0,8,0
328,0,9,0
328,0,10,0
328,0,11,0
328,1,0,0
328,1,1,0
328,1,2,0
328,1,3,0
328,1,4,0
328,1,5,0
328,1,6,0
328,1,7,0
328,1,8,0
328,1,9,0
328,1,10,0
328,1,11,0
328,2,0,0
328,2,1,3
328,2,2,71
328,2,3,15
328,2,4,0
328,2,5,0
328,2,6,0
328,2,7,0
328,2,8,0
328,2,9,0
328,2,10,0
328,2,11,0
328,3,0,1
328,3,1,74
328,3,2,0
328,3,3,0
328,3,4,0
328,3,5,0
328,3,6,0
328,3,7,0
328,3,8,0
328,3,9,0
328,3,10,0
328,3,11,0
328,4,0,222
328,4,1,0
328,4,2,0
328,4,3,0
328,4,4,0
328,4,5,0
328,4,6,0
328,4,7,0
328,4,8,0
328,4,9,0
328,4,10,0
328,4,11,0
328,5,0,103
328,5,1,0
328,5,2,0
328,5,3,0
328,5,4,0
328,5,5,0
328,5,6,0
328,5,7,0
328,5,8,0
328,5,9,0
328,5,10,0
328,5,11,0
328,6,0,0
328,6,1,0
328,6,2,0
328,6,3,0
328,6,4,0
328,6,5,0
328,6,6,0
328,6,7,0
328,6,8,0
328,6,9,0
328,6,10,0
328,6,11,0
328,7,0,0
328,7,1,0
328,7,2,0
328,7,3,0
328,7,4,0
328,7,5,0
328,7,6,0
328,7,7,0
328,7,8,0
328,7,9,0
328,7,10,0
328,7,11,0
346,0,0,0
346,0,1,0
346,0,2,0
346,0,3,0
346,0,4,0
346,0,5,0
346,0,6,0
346,0,7,0
346,0,8,0
346,0,9,0
346,0,10,0
346,0,11,0
346,1,0,0
346,1,1,0
346,1,2,0
346,1,3,0
346,1,4,0
346,1,5,0
346,1,6,0
346,1,7,0
346,1,8,0
346,1,9,0
346,1,10,0
346,1,11,0
346,2,0,0
346,2,1,0
346,2,2,0
346,2,3,0
346,2,4,0
346,2,5,0
346,2,6,0
346,2,7,0
346,2,8,0
346,2,9,0
346,2,10,0
346,2,11,0
346,3,0,7
346,3,1,0
346,3,2,0
346,3,3,0
346,3,4,0
346,3,5,0
346,3,6,0
346,3,7,0
346,3,8,0
346,3,9,0
346,3,10,0
346,3,11,0
346,4,0,0
346,4,1,0
346,4,2,0
346,4,3,0
346,4,4,0
346,4,5,0
346,4,6,0
346,4,7,0
346,4,8,0
346,4,9,0
346,4,10,0
346,4,11,0
346,5,0,0
346,5,1,0
346,5,2,0
346,5,3,0
346,5,4,0
346,5,5,0
346,5,6,0
346,5,7,0
346,5,8,0
346,5,9,0
346,5,10,0
346,5,11,0
346,6,0,0
346,6,1,0
346,6,2,0
346,6,3,0
346,6,4,0
346,6,5,0
346,6,6,0
346,6,7,0
346,6,8,0
346,6,9,0
346,6,10,0
346,6,11,0
346,7,0,0
346,7,1,0
346,7,2,0
346,7,3,0
346,7,4,0
346,7,5,0
346,7,6,0
346,7,7,0
346,7,8,0
346,7,9,0
346,7,10,0
346,7,11,0
356,0,0,0
356,0,1,0
356,0,2,0
356,0,3,0
356,0,4,0
356,0,5,0
356,0,6,0
356,0,7,0
356,0,8,0
356,0,9,0
356,0,10,0
356,0,11,0
356,1,0,0
356,1,1,0
356,1,2,0
356,1,3,0
356,1,4,0
356,1,5,0
356,1,6,0
356,1,7,0
356,1,8,0
356,1,9,0
356,1,10,0
356,1,11,0
356,2,0,0
356,2,1,0
356,2,2,0
356,2,3,0
356,2,4,0
356,2,5,0
356,2,6,0
356,2,7,0
356,2,8,0
356,2,9,0
356,2,10,0
356,2,11,0
356,3,0,5
356,3,1,0
356,3,2,0
356,3,3,0
356,3,4,0
356,3,5,0
356,3,6,0
356,3,7,0
356,3,8,0
356,3,9,0
356,3,10,0
356,3,11,0
356,4,0,0
356,4,1,0
356,4,2,0
356,4,3,0
356,4,4,0
356,4,5,0
356,4,6,0
356,4,7,0
356,4,8,0
356,4,9,0
356,4,10,0
356,4,11,0
356,5,0,0
356,5,1,0
356,5,2,0
356,5,3,0
356,5,4,0
356,5,5,0
356,5,6,0
356,5,7,0
356,5,8,0
356,5,9,0
356,5,10,0
356,5,11,0
356,6,0,0
356,6,1,0
356,6,2,0
356,6,3,0
356,6,4,0
356,6,5,0
356,6,6,0
356,6,7,0
356,6,8,0
356,6,9,0
356,6,10,0
356,6,11,0
356,7,0,0
356,7,1,0
356,7,2,0
356,7,3,0
356,7,4,0
356,7,5,0
356,7,6,0
356,7,7,0
356,7,8,0
356,7,9,0
356,7,10,0
356,7,11,0
359,0,0,0
359,0,1,0
359,0,2,0
359,0,3,0
359,0,4,0
359,0,5,0
359,0,6,0
359,0,7,0
359,0,8,0
359,0,9,0
359,0,10,0
359,0,11,0
359,1,0,0
359,1,1,0
359,1,2,0
359,1,3,0
359,1,4,0
359,1,5,0
359,1,6,0
359,1,7,0
359,1,8,0
359,1,9,0
359,1,10,0
359,1,11,0
359,2,0,0
359,2,1,0
359,2,2,0
359,2,3,0
359,2,4,0
359,2,5,0
359,2,6,0
359,2,7,0
359,2,8,0
359,2,9,0
359,2,10,0
359,2,11,0
359,3,0,0
359,3,1,0
359,3,2,0
359,3,3,0
359,3,4,0
359,3,5,0
359,3,6,0
359,3,7,0
359,3,8,0
359,3,9,0
359,3,10,0
359,3,11,0
359,4,0,0
359,4,1,0
359,4,2,0
359,4,3,0
359,4,4,0
359,4,5,0
359,4,6,0
359,4,7,0
359,4,8,0
359,4,9,0
359,4,10,0
359,4,11,0
359,5,0,0
359,5,1,0
359,5,2,0
359,5,3,0
359,5,4,0
359,5,5,0
359,5,6,0
359,5,7,0
359,5,8,0
359,5,9,0
359,5,10,0
359,5,11,0
359,6,0,3
359,6,1,0
359,6,2,0
359,6,3,0
359,6,4,0
359,6,5,0
359,6,6,0
359,6,7,0
359,6,8,0
359,6,9,0
359,6,10,0
359,6,11,0
359,7,0,0
359,7,1,0
359,7,2,0
359,7,3,0
359,7,4,0
359,7,5,0
359,7,6,0
359,7,7,0
359,7,8,0
359,7,9,0
359,7,10,0
359,7,11,0
369,0,0,0
369,0,1,0
369,0,2,0
369,0,3,0
369,0,4,0
369,0,5,0
369,0,6,0
369,0,7,0
369,0,8,0
369,0,9,0
369,0,10,0
369,0,11,0
369,1,0,0
369,1,1,0
369,1,2,0
369,1,3,0
369,1,4,0
369,1,5,0
369,1,6,0
369,1,7,0
369,1,8,0
369,1,9,0
369,1,10,0
369,1,11,0
369,2,0,0
369,2,1,0
369,2,2,0
369,2,3,0
369,2,4,0
369,2,5,0
369,2,6,0
369,2,7,0
369,2,8,0
369,2,9,0
369,2,10,0
369,2,11,0
369,3,0,0
369,3,1,0
369,3,2,0
369,3,3,0
369,3,4,0
369,3,5,0
369,3,6,0
369,3,7,0
369,3,8,0
369,3,9,0
369,3,10,0
369,3,11,0
369,4,0,0
369,4,1,0
369,4,2,0
369,4,3,0
369,4,4,0
369,4,5,0
369,4,6,0
369,4,7,0
369,4,8,0
369,4,9,0
369,4,10,0
369,4,11,0
369,5,0,0
369,5,1,0
369,5,2,0
369,5,3,0
369,5,4,0
369,5,5,0
369,5,6,0
369,5,7,0
369,5,8,0
369,5,9,0
369,5,10,0
369,5,11,0
369,6,0,3
369,6,1,0
369,6,2,0
369,6,3,0
369,6,4,0
369,6,5,0
369,6,6,0
369,6,7,0
369,6,8,0
369,6,9,0
369,6,10,0
369,6,11,0
369,7,0,0
369,7,1,0
369,7,2,0
369,7,3,0
369,7,4,0
369,7,5,0
369,7,6,0
369,7,7,0
369,7,8,0
369,7,9,0
369,7,10,0
369,7,11,0
370,0,0,0
370,0,1,0
370,0,2,0
370,0,3,0
370,0,4,0
370,0,5,0
370,0,6,0
370,0,7,0
370,0,8,0
370,0,9,0
370,0,10,0
370,0,11,0
370,1,0,0
370,1,1,0
370,1,2,0
370,1,3,0
370,1,4,0
370,1,5,0
370,1,6,0
370,1,7,0
370,1,8,0
370,1,9,0
370,1,10,0
370,1,11,0
370,2,0,0
370,2,1,0
370,2,2,0
370,2,3,0
370,2,4,0
370,2,5,0
370,2,6,0
370,2,7,0
370,2,8,0
370,2,9,0
370,2,10,0
370,2,11,0
370,3,0,2
370,3,1,0
370,3,2,0
370,3,3,0
370,3,4,0
370,3,5,0
370,3,6,0
370,3,7,0
370,3,8,0
370,3,9,0
370,3,10,0
370,3,11,0
370,4,0,0
370,4,1,0
370,4,2,0
370,4,3,0
370,4,4,0
370,4,5,0
370,4,6,0
370,4,7,0
370,4,8,0
370,4,9,0
370,4,10,0
370,4,11,0
370,5,0,0
370,5,1,0
370,5,2,0
370,5,3,0
370,5,4,0
370,5,5,0
370,5,6,0
370,5,7,0
370,5,8,0
370,5,9,0
370,5,10,0
370,5,11,0
370,6,0,0
370,6,1,0
370,6,2,0
370,6,3,0
370,6,4,0
370,6,5,0
370,6,6,0
370,6,7,0
370,6,8,0
370,6,9,0
370,6,10,0
370,6,11,0
370,7,0,0
370,7,1,0
370,7,2,0
370,7,3,0
370,7,4,0
370,7,5,0
370,7,6,0
370,7,7,0
370,7,8,0
370,7,9,0
370,7,10,0
370,7,11,0
379,0,0,0
379,0,1,0
379,0,2,0
379,0,3,0
379,0,4,0
379,0,5,0
379,0,6,0
379,0,7,0
379,0,8,0
379,0,9,0
379,0,10,0
379,0,11,0
379,1,0,0
379,1,1,0
379,1,2,0
379,1,3,0
379,1,4,0
379,1,5,0
379,1,6,0
379,1,7,0
379,1,8,0
379,1,9,0
379,1,10,0
379,1,11,0
379,2,0,0
379,2,1,0
379,2,2,0
379,2,3,0
379,2,4,0
379,2,5,0
379,2,6,0
379,2,7,0
379,2,8,0
379,2,9,0
379,2,10,0
379,2,11,0
379,3,0,0
379,3,1,0
379,3,2,0
379,3,3,0
379,3,4,0
379,3,5,0
379,3,6,0
379,3,7,0
379,3,8,0
379,3,9,0
379,3,10,0
379,3,11,0
379,4,0,243
379,4,1,0
379,4,2,0
379,4,3,0
379,4,4,0
379,4,5,0
379,4,6,0
379,4,7,0
379,4,8,0
379,4,9,0
379,4,10,0
379,4,11,0
379,5,0,182
379,5,1,0
379,5,2,0
379,5,3,0
379,5,4,0
379,5,5,0
379,5,6,0
379,5,7,0
379,5,8,0
379,5,9,0
379,5,10,0
379,5,11,0
379,6,0,0
379,6,1,0
379,6,2,0
379,6,3,0
379,6,4,0
379,6,5,0
379,6,6,0
379,6,7,0
379,6,8,0
379,6,9,0
379,6,10,0
379,6,11,0
379,7,0,0
379,7,1,0
379,7,2,0
379,7,3,0
379,7,4,0
379,7,5,0
379,7,6,0
379,7,7,0
379,7,8,0
379,7,9,0
379,7,10,0
379,7,11,0
385,0,0,0
385,0,1,0
385,0,2,0
385,0,3,0
385,0,4,0
385,0,5,0
385,0,6,0
385,0,7,0
385,0,8,0
385,0,9,0
385,0,10,0
385,0,11,0
385,1,0,0
385,1,1,0
385,1,2,0
385,1,3,0
385,1,4,0
385,1,5,0
385,1,6,0
385,1,7,0
385,1,8,0
385,1,9,0
385,1,10,0
385,1,11,0
385,2,0,0
385,2,1,0
385,2,2,0
385,2,3,0
385,2,4,0
385,2,5,0
385,2,6,0
385,2,7,0
385,2,8,0
385,2,9,0
385,2,10,0
385,2,11,0
385,3,0,0
385,3,1,0
385,3,2,0
385,3,3,0
385,3,4,0
385,3,5,0
385,3,6,0
385,3,7,0
385,3,8,0
385,3,9,0
385,3,10,0
385,3,11,0
385,4,0,0
385,4,1,0
385,4,2,0
385,4,3,0
385,4,4,0
385,4,5,0
385,4,6,0
385,4,7,0
385,4,8,0
385,4,9,0
385,4,10,0
385,4,11,0
385,5,0,0
385,5,1,0
385,5,2,0
385,5,3,0
385,5,4,0
385,5,5,0
385,5,6,0
385,5,7,0
385,5,8,0
385,5,9,0
385,5,10,0
385,5,11,0
385,6,0,0
385,6,1,0
385,6,2,0
385,6,3,0
385,6,4,0
385,6,5,0
385,6,6,0
385,6,7,0
385,6,8,0
385,6,9,0
385,6,10,0
385,6,11,0
385,7,0,5
385,7,1,0
385,7,2,0
385,7,3,0
385,7,4,0
385,7,5,0
385,7,6,0
385,7,7,0
385,7,8,0
385,7,9,0
385,7,10,0
385,7,11,0
389,0,0,0
389,0,1,0
389,0,2,0
389,0,3,0
389,0,4,0
389,0,5,0
389,0,6,0
389,0,7,0
389,0,8,0
389,0,9,0
389,0,10,0
389,0,11,0
389,1,0,0
389,1,1,0
389,1,2,0
389,1,3,0
389,1,4,0
389,1,5,0
389,1,6,0
389,1,7,0
389,1,8,0
389,1,9,0
389,1,10,0
389,1,11,0
389,2,0,0
389,2,1,0
389,2,2,0
389,2,3,0
389,2,4,0
389,2,5,0
389,2,6,0
389,2,7,0
389,2,8,0
389,2,9,0
389,2,10,0
389,2,11,0
389,3,0,0
389,3,1,0
389,3,2,0
389,3,3,0
389,3,4,0
389,3,5,0
389,3,6,0
389,3,7,0
389,3,8,0
389,3,9,0
389,3,10,0
389,3,11,0
389,4,0,0
389,4,1,0
389,4,2,0
389,4,3,0
389,4,4,0
389,4,5,0
389,4,6,0
389,4,7,0
389,4,8,0
389,4,9,0
389,4,10,0
389,4,11,0
389,5,0,0
389,5,1,0
389,5,2,0
389,5,3,0
389,5,4,0
389,5,5,0
389,5,6,0
389,5,7,0
389,5,8,0
389,5,9,0
389,5,10,0
389,5,11,0
389,6,0,25
389,6,1,0
389,6,2,0
389,6,3,0
389,6,4,0
389,6,5,0
389,6,6,0
389,6,7,0
389,6,8,0
389,6,9,0
389,6,10,0
389,6,11,0
389,7,0,0
389,7,1,0
389,7,2,0
389,7,3,0
389,7,4,0
389,7,5,0
389,7,6,0
389,7,7,0
389,7,8,0
389,7,9,0
389,7,10,0
389,7,11,0
398,0,0,0
398,0,1,0
398,0,2,0
398,0,3,0
398,0,4,0
398,0,5,0
398,0,6,0
398,0,7,0
398,0,8,0
398,0,9,0
398,0,10,0
398,0,11,0
398,1,0,12
398,1,1,0
398,1,2,0
398,1,3,0
398,1,4,0
398,1,5,0
398,1,6,0
398,1,7,0
398,1,8,0
398,1,9,0
398,1,10,0
398,1,11,0
398,2,0,0
398,2,1,0
398,2,2,0
398,2,3,0
398,2,4,0
398,2,5,0
398,2,6,0
398,2,7,0
398,2,8,0
398,2,9,0
398,2,10,0
398,2,11,0
398,3,0,0
398,3,1,0
398,3,2,0
398,3,3,0
398,3,4,0
398,3,5,0
398,3,6,0
398,3,7,0
398,3,8,0
398,3,9,0
398,3,10,0
398,3,11,0
398,4,0,0
398,4,1,0
398,4,2,0
398,4,3,0
398,4,4,0
398,4,5,0
398,4,6,0
398,4,7,0
398,4,8,0
398,4,9,0
398,4,10,0
398,4,11,0
398,5,0,0
398,5,1,0
398,5,2,0
398,5,3,0
398,5,4,0
398,5,5,0
398,5,6,0
398,5,7,0
398,5,8,0
398,5,9,0
398,5,10,0
398,5,11,0
398,6,0,0
398,6,1,0
398,6,2,0
398,6,3,0
398,6,4,0
398,6,5,0
398,6,6,0
398,6,7,0
398,6,8,0
398,6,9,0
398,6,10,0
398,6,11,0
398,7,0,0
398,7,1,0
398,7,2,0
398,7,3,0
398,7,4,0
398,7,5,0
398,7,6,0
398,7,7,0
398,7,8,0
398,7,9,0
398,7,10,0
398,7,11,0
408,0,0,0
408,0,1,0
408,0,2,0
408,0,3,0
408,0,4,0
408,0,5,0
408,0,6,0
408,0,7,0
408,0,8,0
408,0,9,0
408,0,10,0
408,0,11,0
408,1,0,0
408,1,1,0
408,1,2,0
408,1,3,0
408,1,4,0
408,1,5,0
408,1,6,0
408,1,7,0
408,1,8,0
408,1,9,0
408,1,10,0
408,1,11,0
408,2,0,0
408,2,1,0
408,2,2,0
408,2,3,0
408,2,4,0
408,2,5,0
408,2,6,0
408,2,7,0
408,2,8,0
408,2,9,0
408,2,10,0
408,2,11,0
408,3,0,6
408,3,1,0
408,3,2,0
408,3,3,0
408,3,4,0
408,3,5,0
408,3,6,0
408,3,7,0
408,3,8,0
408,3,9,0
408,3,10,0
408,3,11,0
408,4,0,0
408,4,1,0
408,4,2,0
408,4,3,0
408,4,4,0
408,4,5,0
408,4,6,0
408,4,7,0
408,4,8,0
408,4,9,0
408,4,10,0
408,4,11,0
408,5,0,0
408,5,1,0
408,5,2,0
408,5,3,0
408,5,4,0
408,5,5,0
408,5,6,0
408,5,7,0
408,5,8,0
408,5,9,0
408,5,10,0
408,5,11,0
408,6,0,0
408,6,1,0
408,6,2,0
408,6,3,0
408,6,4,0
408,6,5,0
408,6,6,0
408,6,7,0
408,6,8,0
408,6,9,0
408,6,10,0
408,6,11,0
408,7,0,0
408,7,1,0
408,7,2,0
408,7,3,0
408,7,4,0
408,7,5,0
408,7,6,0
408,7,7,0
408,7,8,0
408,7,9,0
408,7,10,0
408,7,11,0
418,0,0,0
418,0,1,0
418,0,2,0
418,0,3,0
418,0,4,0
418,0,5,0
418,0,6,0
418,0,7,0
418,0,8,0
418,0,9,0
418,0,10,0
418,0,11,0
418,1,0,0
418,1,1,0
418,1,2,0
418,1,3,0
418,1,4,0
418,1,5,0
418,1,6,0
418,1,7,0
418,1,8,0
418,1,9,0
418,1,10,0
418,1,11,0
418,2,0,0
418,2,1,20
418,2,2,20
418,2,3,3
418,2,4,0
418,2,5,0
418,2,6,0
418,2,7,0
418,2,8,0
418,2,9,0
418,2,10,0
418,2,11,0
418,3,0,100
418,3,1,2
418,3,2,0
418,3,3,15
418,3,4,0
418,3,5,0
418,3,6,0
418,3,7,0
418,3,8,0
418,3,9,0
418,3,10,0
418,3,11,0
418,4,0,59
418,4,1,0
418,4,2,0
418,4,3,0
418,4,4,0
418,4,5,0
418,4,6,0
418,4,7,0
418,4,8,0
418,4,9,0
418,4,10,0
418,4,11,0
418,5,0,86
418,5,1,0
418,5,2,0
418,5,3,0
418,5,4,0
418,5,5,0
418,5,6,0
418,5,7,0
418,5,8,0
418,5,9,0
418,5,10,0
418,5,11,0
418,6,0,79
418,6,1,0
418,6,2,0
418,6,3,0
418,6,4,0
418,6,5,0
418,6,6,0
418,6,7,0
418,6,8,0
418,6,9,0
418,6,10,0
418,6,11,0
418,7,0,0
418,7,1,0
418,7,2,0
418,7,3,0
418,7,4,0
418,7,5,0
418,7,6,0
418,7,7,0
418,7,8,0
418,7,9,0
418,7,10,0
418,7,11,0
423,0,0,0
423,0,1,0
423,0,2,0
423,0,3,0
423,0,4,0
423,0,5,0
423,0,6,0
423,0,7,0
423,0,8,0
423,0,9,0
423,0,10,0
423,0,11,0
423,1,0,0
423,1,1,0
423,1,2,0
423,1,3,0
423,1,4,0
423,1,5,0
423,1,6,0
423,1,7,0
423,1,8,0
423,1,9,0
423,1,10,0
423,1,11,0
423,2,0,0
423,2,1,0
423,2,2,0
423,2,3,0
423,2,4,0
423,2,5,0
423,2,6,0
423,2,7,0
423,2,8,0
423,2,9,0
423,2,10,0
423,2,11,0
423,3,0,0
423,3,1,0
423,3,2,0
423,3,3,0
423,3,4,0
423,3,5,0
423,3,6,0
423,3,7,0
423,3,8,0
423,3,9,0
423,3,10,0
423,3,11,0
423,4,0,0
423,4,1,0
423,4,2,0
423,4,3,0
423,4,4,0
423,4,5,0
423,4,6,0
423,4,7,0
423,4,8,0
423,4,9,0
423,4,10,0
423,4,11,0
423,5,0,354
423,5,1,25
423,5,2,3
423,5,3,0
423,5,4,0
423,5,5,0
423,5,6,0
423,5,7,0
423,5,8,0
423,5,9,0
423,5,10,0
423,5,11,0
423,6,0,0
423,6,1,0
423,6,2,0
423,6,3,0
423,6,4,0
423,6,5,0
423,6,6,0
423,6,7,0
423,6,8,0
423,6,9,0
423,6,10,0
423,6,11,0
423,7,0,0
423,7,1,0
423,7,2,0
423,7,3,0
423,7,4,0
423,7,5,0
423,7,6,0
423,7,7,0
423,7,8,0
423,7,9,0
423,7,10,0
423,7,11,0
428,0,0,0
428,0,1,0
428,0,2,0
428,0,3,0
428,0,4,0
428,0,5,0
428,0,6,0
428,0,7,0
428,0,8,0
428,0,9,0
428,0,10,0
428,0,11,0
428,1,0,106
428,1,1,0
428,1,2,0
428,1,3,0
428,1,4,0
428,1,5,0
428,1,6,0
428,1,7,0
428,1,8,0
428,1,9,0
428,1,10,0
428,1,11,0
428,2,0,0
428,2,1,0
428,2,2,0
428,2,3,0
428,2,4,0
428,2,5,0
428,2,6,0
428,2,7,0
428,2,8,0
428,2,9,0
428,2,10,0
428,2,11,0
428,3,0,0
428,3,1,0
428,3,2,0
428,3,3,0
428,3,4,0
428,3,5,0
428,3,6,0
428,3,7,0
428,3,8,0
428,3,9,0
428,3,10,0
428,3,11,0
428,4,0,0
428,4,1,0
428,4,2,0
428,4,3,0
428,4,4,0
428,4,5,0
428,4,6,0
428,4,7,0
428,4,8,0
428,4,9,0
428,4,10,0
428,4,11,0
428,5,0,0
428,5,1,0
428,5,2,0
428,5,3,0
428,5,4,0
428,5,5,0
428,5,6,0
428,5,7,0
428,5,8,0
428,5,9,0
428,5,10,0
428,5,11,0
428,6,0,0
428,6,1,0
428,6,2,0
428,6,3,0
428,6,4,0
428,6,5,0
428,6,6,0
428,6,7,0
428,6,8,0
428,6,9,0
428,6,10,0
428,6,11,0
428,7,0,0
428,7,1,0
428,7,2,0
428,7,3,0
428,7,4,0
428,7,5,0
428,7,6,0
428,7,7,0
428,7,8,0
428,7,9,0
428,7,10,0
428,7,11,0
426,0,0,0
426,0,1,0
426,0,2,0
426,0,3,0
426,0,4,0
426,0,5,0
426,0,6,0
426,0,7,0
426,0,8,0
426,0,9,0
426,0,10,0
426,0,11,0
426,1,0,0
426,1,1,0
426,1,2,0
426,1,3,0
426,1,4,0
426,1,5,0
426,1,6,0
426,1,7,0
426,1,8,0
426,1,9,0
426,1,10,0
426,1,11,0
426,2,0,0
426,2,1,0
426,2,2,0
426,2,3,0
426,2,4,0
426,2,5,0
426,2,6,0
426,2,7,0
426,2,8,0
426,2,9,0
426,2,10,0
426,2,11,0
426,3,0,37
426,3,1,0
426,3,2,0
426,3,3,0
426,3,4,0
426,3,5,0
426,3,6,0
426,3,7,0
426,3,8,0
426,3,9,0
426,3,10,0
426,3,11,0
426,4,0,0
426,4,1,0
426,4,2,0
426,4,3,0
426,4,4,0
426,4,5,0
426,4,6,0
426,4,7,0
426,4,8,0
426,4,9,0
426,4,10,0
426,4,11,0
426,5,0,0
426,5,1,0
426,5,2,0
426,5,3,0
426,5,4,0
426,5,5,0
426,5,6,0
426,5,7,0
426,5,8,0
426,5,9,0
426,5,10,0
426,5,11,0
426,6,0,0
426,6,1,0
426,6,2,0
426,6,3,0
426,6,4,0
426,6,5,0
426,6,6,0
426,6,7,0
426,6,8,0
426,6,9,0
426,6,10,0
426,6,11,0
426,7,0,0
426,7,1,0
426,7,2,0
426,7,3,0
426,7,4,0
426,7,5,0
426,7,6,0
426,7,7,0
426,7,8,0
426,7,9,0
426,7,10,0
426,7,11,0
439,0,0,0
439,0,1,0
439,0,2,0
439,0,3,0
439,0,4,0
439,0,5,0
439,0,6,0
439,0,7,0
439,0,8,0
439,0,9,0
439,0,10,0
439,0,11,0
439,1,0,0
439,1,1,0
439,1,2,0
439,1,3,0
439,1,4,0
439,1,5,0
439,1,6,0
439,1,7,0
439,1,8,0
439,1,9,0
439,1,10,0
439,1,11,0
439,2,0,0
439,2,1,0
439,2,2,0
439,2,3,0
439,2,4,0
439,2,5,0
439,2,6,0
439,2,7,0
439,2,8,0
439,2,9,0
439,2,10,0
439,2,11,0
439,3,0,9
439,3,1,0
439,3,2,0
439,3,3,0
439,3,4,0
439,3,5,0
439,3,6,0
439,3,7,0
439,3,8,0
439,3,9,0
439,3,10,0
439,3,11,0
439,4,0,0
439,4,1,0
439,4,2,0
439,4,3,0
439,4,4,0
439,4,5,0
439,4,6,0
439,4,7,0
439,4,8,0
439,4,9,0
439,4,10,0
439,4,11,0
439,5,0,0
439,5,1,0
439,5,2,0
439,5,3,0
439,5,4,0
439,5,5,0
439,5,6,0
439,5,7,0
439,5,8,0
439,5,9,0
439,5,10,0
439,5,11,0
439,6,0,0
439,6,1,0
439,6,2,0
439,6,3,0
439,6,4,0
439,6,5,0
439,6,6,0
439,6,7,0
439,6,8,0
439,6,9,0
439,6,10,0
439,6,11,0
439,7,0,0
439,7,1,0
439,7,2,0
439,7,3,0
439,7,4,0
439,7,5,0
439,7,6,0
439,7,7,0
439,7,8,0
439,7,9,0
439,7,10,0
439,7,11,0
453,0,0,0
453,0,1,0
453,0,2,0
453,0,3,0
453,0,4,0
453,0,5,0
453,0,6,0
453,0,7,0
453,0,8,0
453,0,9,0
453,0,10,0
453,0,11,0
453,1,0,0
453,1,1,0
453,1,2,0
453,1,3,0
453,1,4,0
453,1,5,0
453,1,6,0
453,1,7,0
453,1,8,0
453,1,9,0
453,1,10,0
453,1,11,0
453,2,0,0
453,2,1,0
453,2,2,0
453,2,3,0
453,2,4,0
453,2,5,0
453,2,6,0
453,2,7,0
453,2,8,0
453,2,9,0
453,2,10,0
453,2,11,0
453,3,0,0
453,3,1,0
453,3,2,0
453,3,3,0
453,3,4,0
453,3,5,0
453,3,6,0
453,3,7,0
453,3,8,0
453,3,9,0
453,3,10,0
453,3,11,0
453,4,0,180
453,4,1,32
453,4,2,11
453,4,3,0
453,4,4,0
453,4,5,0
453,4,6,0
453,4,7,0
453,4,8,0
453,4,9,0
453,4,10,0
453,4,11,0
453,5,0,125
453,5,1,0
453,5,2,0
453,5,3,0
453,5,4,0
453,5,5,0
453,5,6,0
453,5,7,0
453,5,8,0
453,5,9,0
453,5,10,0
453,5,11,0
453,6,0,0
453,6,1,0
453,6,2,0
453,6,3,0
453,6,4,0
453,6,5,0
453,6,6,0
453,6,7,0
453,6,8,0
453,6,9,0
453,6,10,0
453,6,11,0
453,7,0,0
453,7,1,0
453,7,2,0
453,7,3,0
453,7,4,0
453,7,5,0
453,7,6,0
453,7,7,0
453,7,8,0
453,7,9,0
453,7,10,0
453,7,11,0
462,0,0,0
462,0,1,0
462,0,2,0
462,0,3,0
462,0,4,0
462,0,5,0
462,0,6,0
462,0,7,0
462,0,8,0
462,0,9,0
462,0,10,0
462,0,11,0
462,1,0,0
462,1,1,0
462,1,2,0
462,1,3,0
462,1,4,0
462,1,5,0
462,1,6,0
462,1,7,0
462,1,8,0
462,1,9,0
462,1,10,0
462,1,11,0
462,2,0,0
462,2,1,0
462,2,2,0
462,2,3,0
462,2,4,0
462,2,5,0
462,2,6,0
462,2,7,0
462,2,8,0
462,2,9,0
462,2,10,0
462,2,11,0
462,3,0,34
462,3,1,0
462,3,2,0
462,3,3,0
462,3,4,0
462,3,5,0
462,3,6,0
462,3,7,0
462,3,8,0
462,3,9,0
462,3,10,0
462,3,11,0
462,4,0,0
462,4,1,0
462,4,2,0
462,4,3,0
462,4,4,0
462,4,5,0
462,4,6,0
462,4,7,0
462,4,8,0
462,4,9,0
462,4,10,0
462,4,11,0
462,5,0,0
462,5,1,0
462,5,2,0
462,5,3,0
462,5,4,0
462,5,5,0
462,5,6,0
462,5,7,0
462,5,8,0
462,5,9,0
462,5,10,0
462,5,11,0
462,6,0,0
462,6,1,0
462,6,2,0
462,6,3,0
462,6,4,0
462,6,5,0
462,6,6,0
462,6,7,0
462,6,8,0
462,6,9,0
462,6,10,0
462,6,11,0
462,7,0,0
462,7,1,0
462,7,2,0
462,7,3,0
462,7,4,0
462,7,5,0
462,7,6,0
462,7,7,0
462,7,8,0
462,7,9,0
462,7,10,0
462,7,11,0
463,0,0,0
463,0,1,0
463,0,2,0
463,0,3,0
463,0,4,0
463,0,5,0
463,0,6,0
463,0,7,0
463,0,8,0
463,0,9,0
463,0,10,0
463,0,11,0
463,1,0,0
463,1,1,0
463,1,2,0
463,1,3,0
463,1,4,0
463,1,5,0
463,1,6,0
463,1,7,0
463,1,8,0
463,1,9,0
463,1,10,0
463,1,11,0
463,2,0,0
463,2,1,0
463,2,2,0
463,2,3,0
463,2,4,0
463,2,5,0
463,2,6,0
463,2,7,0
463,2,8,0
463,2,9,0
463,2,10,0
463,2,11,0
463,3,0,0
463,3,1,0
463,3,2,0
463,3,3,0
463,3,4,0
463,3,5,0
463,3,6,0
463,3,7,0
463,3,8,0
463,3,9,0
463,3,10,0
463,3,11,0
463,4,0,0
463,4,1,0
463,4,2,0
463,4,3,0
463,4,4,0
463,4,5,0
463,4,6,0
463,4,7,0
463,4,8,0
463,4,9,0
463,4,10,0
463,4,11,0
463,5,0,309
463,5,1,0
463,5,2,0
463,5,3,0
463,5,4,0
463,5,5,0
463,5,6,0
463,5,7,0
463,5,8,0
463,5,9,0
463,5,10,0
463,5,11,0
463,6,0,20
463,6,1,0
463,6,2,0
463,6,3,0
463,6,4,0
463,6,5,0
463,6,6,0
463,6,7,0
463,6,8,0
463,6,9,0
463,6,10,0
463,6,11,0
463,7,0,0
463,7,1,0
463,7,2,0
463,7,3,0
463,7,4,0
463,7,5,0
463,7,6,0
463,7,7,0
463,7,8,0
463,7,9,0
463,7,10,0
463,7,11,0
468,0,0,0
468,0,1,0
468,0,2,0
468,0,3,0
468,0,4,0
468,0,5,0
468,0,6,0
468,0,7,0
468,0,8,0
468,0,9,0
468,0,10,0
468,0,11,0
468,1,0,4
468,1,1,0
468,1,2,0
468,1,3,0
468,1,4,0
468,1,5,0
468,1,6,0
468,1,7,0
468,1,8,0
468,1,9,0
468,1,10,0
468,1,11,0
468,2,0,0
468,2,1,0
468,2,2,0
468,2,3,0
468,2,4,0
468,2,5,0
468,2,6,0
468,2,7,0
468,2,8,0
468,2,9,0
468,2,10,0
468,2,11,0
468,3,0,0
468,3,1,0
468,3,2,0
468,3,3,0
468,3,4,0
468,3,5,0
468,3,6,0
468,3,7,0
468,3,8,0
468,3,9,0
468,3,10,0
468,3,11,0
468,4,0,0
468,4,1,0
468,4,2,0
468,4,3,0
468,4,4,0
468,4,5,0
468,4,6,0
468,4,7,0
468,4,8,0
468,4,9,0
468,4,10,0
468,4,11,0
468,5,0,0
468,5,1,0
468,5,2,0
468,5,3,0
468,5,4,0
468,5,5,0
468,5,6,0
468,5,7,0
468,5,8,0
468,5,9,0
468,5,10,0
468,5,11,0
468,6,0,0
468,6,1,0
468,6,2,0
468,6,3,0
468,6,4,0
468,6,5,0
468,6,6,0
468,6,7,0
468,6,8,0
468,6,9,0
468,6,10,0
468,6,11,0
468,7,0,0
468,7,1,0
468,7,2,0
468,7,3,0
468,7,4,0
468,7,5,0
468,7,6,0
468,7,7,0
468,7,8,0
468,7,9,0
468,7,10,0
468,7,11,0
470,0,0,0
470,0,1,0
470,0,2,0
470,0,3,0
470,0,4,0
470,0,5,0
470,0,6,0
470,0,7,0
470,0,8,0
470,0,9,0
470,0,10,0
470,0,11,0
470,1,0,0
470,1,1,0
470,1,2,0
470,1,3,0
470,1,4,0
470,1,5,0
470,1,6,0
470,1,7,0
470,1,8,0
470,1,9,0
470,1,10,0
470,1,11,0
470,2,0,0
470,2,1,0
470,2,2,0
470,2,3,0
470,2,4,0
470,2,5,0
470,2,6,0
470,2,7,0
470,2,8,0
470,2,9,0
470,2,10,0
470,2,11,0
470,3,0,0
470,3,1,0
470,3,2,0
470,3,3,0
470,3,4,0
470,3,5,0
470,3,6,0
470,3,7,0
470,3,8,0
470,3,9,0
470,3,10,0
470,3,11,0
470,4,0,92
470,4,1,0
470,4,2,0
470,4,3,0
470,4,4,0
470,4,5,0
470,4,6,0
470,4,7,0
470,4,8,0
470,4,9,0
470,4,10,0
470,4,11,0
470,5,0,0
470,5,1,0
470,5,2,0
470,5,3,0
470,5,4,0
470,5,5,0
470,5,6,0
470,5,7,0
470,5,8,0
470,5,9,0
470,5,10,0
470,5,11,0
470,6,0,0
470,6,1,0
470,6,2,0
470,6,3,0
470,6,4,0
470,6,5,0
470,6,6,0
470,6,7,0
470,6,8,0
470,6,9,0
470,6,10,0
470,6,11,0
470,7,0,0
470,7,1,0
470,7,2,0
470,7,3,0
470,7,4,0
470,7,5,0
470,7,6,0
470,7,7,0
470,7,8,0
470,7,9,0
470,7,10,0
470,7,11,0
466,0,0,0
466,0,1,0
466,0,2,0
466,0,3,0
466,0,4,0
466,0,5,0
466,0,6,0
466,0,7,0
466,0,8,0
466,0,9,0
466,0,10,0
466,0,11,0
466,1,0,0
466,1,1,0
466,1,2,0
466,1,3,0
466,1,4,0
466,1,5,0
466,1,6,0
466,1,7,0
466,1,8,0
466,1,9,0
466,1,10,0
466,1,11,0
466,2,0,0
466,2,1,0
466,2,2,0
466,2,3,0
466,2,4,0
466,2,5,0
466,2,6,0
466,2,7,0
466,2,8,0
466,2,9,0
466,2,10,0
466,2,11,0
466,3,0,0
466,3,1,0
466,3,2,0
466,3,3,0
466,3,4,0
466,3,5,0
466,3,6,0
466,3,7,0
466,3,8,0
466,3,9,0
466,3,10,0
466,3,11,0
466,4,0,3
466,4,1,0
466,4,2,0
466,4,3,0
466,4,4,0
466,4,5,0
466,4,6,0
466,4,7,0
466,4,8,0
466,4,9,0
466,4,10,0
466,4,11,0
466,5,0,0
466,5,1,0
466,5,2,0
466,5,3,0
466,5,4,0
466,5,5,0
466,5,6,0
466,5,7,0
466,5,8,0
466,5,9,0
466,5,10,0
466,5,11,0
466,6,0,0
466,6,1,0
466,6,2,0
466,6,3,0
466,6,4,0
466,6,5,0
466,6,6,0
466,6,7,0
466,6,8,0
466,6,9,0
466,6,10,0
466,6,11,0
466,7,0,0
466,7,1,0
466,7,2,0
466,7,3,0
466,7,4,0
466,7,5,0
466,7,6,0
466,7,7,0
466,7,8,0
466,7,9,0
466,7,10,0
466,7,11,0
483,0,0,0
483,0,1,0
483,0,2,0
483,0,3,0
483,0,4,0
483,0,5,0
483,0,6,0
483,0,7,0
483,0,8,0
483,0,9,0
483,0,10,0
483,0,11,0
483,1,0,0
483,1,1,0
483,1,2,0
483,1,3,0
483,1,4,0
483,1,5,0
483,1,6,0
483,1,7,0
483,1,8,0
483,1,9,0
483,1,10,0
483,1,11,0
483,2,0,0
483,2,1,0
483,2,2,0
483,2,3,0
483,2,4,0
483,2,5,0
483,2,6,0
483,2,7,0
483,2,8,0
483,2,9,0
483,2,10,0
483,2,11,0
483,3,0,0
483,3,1,0
483,3,2,0
483,3,3,0
483,3,4,0
483,3,5,0
483,3,6,0
483,3,7,0
483,3,8,0
483,3,9,0
483,3,10,0
483,3,11,0
483,4,0,0
483,4,1,0
483,4,2,0
483,4,3,0
483,4,4,0
483,4,5,0
483,4,6,0
483,4,7,0
483,4,8,0
483,4,9,0
483,4,10,0
483,4,11,0
483,5,0,0
483,5,1,0
483,5,2,0
483,5,3,0
483,5,4,0
483,5,5,0
483,5,6,0
483,5,7,0
483,5,8,0
483,5,9,0
483,5,10,0
483,5,11,0
483,6,0,0
483,6,1,0
483,6,2,0
483,6,3,0
483,6,4,0
483,6,5,0
483,6,6,0
483,6,7,0
483,6,8,0
483,6,9,0
483,6,10,0
483,6,11,0
483,7,0,4
483,7,1,0
483,7,2,0
483,7,3,0
483,7,4,0
483,7,5,0
483,7,6,0
483,7,7,0
483,7,8,0
483,7,9,0
483,7,10,0
483,7,11,0
484,0,0,0
484,0,1,0
484,0,2,0
484,0,3,0
484,0,4,0
484,0,5,0
484,0,6,0
484,0,7,0
484,0,8,0
484,0,9,0
484,0,10,0
484,0,11,0
484,1,0,0
484,1,1,0
484,1,2,0
484,1,3,0
484,1,4,0
484,1,5,0
484,1,6,0
484,1,7,0
484,1,8,0
484,1,9,0
484,1,10,0
484,1,11,0
484,2,0,0
484,2,1,0
484,2,2,0
484,2,3,0
484,2,4,0
484,2,5,0
484,2,6,0
484,2,7,0
484,2,8,0
484,2,9,0
484,2,10,0
484,2,11,0
484,3,0,0
484,3,1,0
484,3,2,0
484,3,3,0
484,3,4,0
484,3,5,0
484,3,6,0
484,3,7,0
484,3,8,0
484,3,9,0
484,3,10,0
484,3,11,0
484,4,0,0
484,4,1,0
484,4,2,0
484,4,3,0
484,4,4,0
484,4,5,0
484,4,6,0
484,4,7,0
484,4,8,0
484,4,9,0
484,4,10,0
484,4,11,0
484,5,0,0
484,5,1,0
484,5,2,0
484,5,3,0
484,5,4,0
484,5,5,0
484,5,6,0
484,5,7,0
484,5,8,0
484,5,9,0
484,5,10,0
484,5,11,0
484,6,0,9
484,6,1,0
484,6,2,0
484,6,3,0
484,6,4,0
484,6,5,0
484,6,6,0
484,6,7,0
484,6,8,0
484,6,9,0
484,6,10,0
484,6,11,0
484,7,0,0
484,7,1,0
484,7,2,0
484,7,3,0
484,7,4,0
484,7,5,0
484,7,6,0
484,7,7,0
484,7,8,0
484,7,9,0
484,7,10,0
484,7,11,0
503,0,0,0
503,0,1,0
503,0,2,0
503,0,3,0
503,0,4,0
503,0,5,0
503,0,6,0
503,0,7,0
503,0,8,0
503,0,9,0
503,0,10,0
503,0,11,0
503,1,0,0
503,1,1,0
503,1,2,0
503,1,3,0
503,1,4,0
503,1,5,0
503,1,6,0
503,1,7,0
503,1,8,0
503,1,9,0
503,1,10,0
503,1,11,0
503,2,0,0
503,2,1,0
503,2,2,0
503,2,3,0
503,2,4,0
503,2,5,0
503,2,6,0
503,2,7,0
503,2,8,0
503,2,9,0
503,2,10,0
503,2,11,0
503,3,0,0
503,3,1,0
503,3,2,0
503,3,3,0
503,3,4,0
503,3,5,0
503,3,6,0
503,3,7,0
503,3,8,0
503,3,9,0
503,3,10,0
503,3,11,0
503,4,0,96
503,4,1,0
503,4,2,0
503,4,3,0
503,4,4,0
503,4,5,0
503,4,6,0
503,4,7,0
503,4,8,0
503,4,9,0
503,4,10,0
503,4,11,0
503,5,0,0
503,5,1,0
503,5,2,0
503,5,3,0
503,5,4,0
503,5,5,0
503,5,6,0
503,5,7,0
503,5,8,0
503,5,9,0
503,5,10,0
503,5,11,0
503,6,0,0
503,6,1,0
503,6,2,0
503,6,3,0
503,6,4,0
503,6,5,0
503,6,6,0
503,6,7,0
503,6,8,0
503,6,9,0
503,6,10,0
503,6,11,0
503,7,0,0
503,7,1,0
503,7,2,0
503,7,3,0
503,7,4,0
503,7,5,0
503,7,6,0
503,7,7,0
503,7,8,0
503,7,9,0
503,7,10,0
503,7,11,0
490,0,0,0
490,0,1,0
490,0,2,0
490,0,3,0
490,0,4,0
490,0,5,0
490,0,6,0
490,0,7,0
490,0,8,0
490,0,9,0
490,0,10,0
490,0,11,0
490,1,0,0
490,1,1,0
490,1,2,0
490,1,3,0
490,1,4,0
490,1,5,0
490,1,6,0
490,1,7,0
490,1,8,0
490,1,9,0
490,1,10,0
490,1,11,0
490,2,0,0
490,2,1,0
490,2,2,0
490,2,3,0
490,2,4,0
490,2,5,0
490,2,6,0
490,2,7,0
490,2,8,0
490,2,9,0
490,2,10,0
490,2,11,0
490,3,0,0
490,3,1,0
490,3,2,0
490,3,3,0
490,3,4,0
490,3,5,0
490,3,6,0
490,3,7,0
490,3,8,0
490,3,9,0
490,3,10,0
490,3,11,0
490,4,0,21
490,4,1,0
490,4,2,0
490,4,3,0
490,4,4,0
490,4,5,0
490,4,6,0
490,4,7,0
490,4,8,0
490,4,9,0
490,4,10,0
490,4,11,0
490,5,0,0
490,5,1,0
490,5,2,0
490,5,3,0
490,5,4,0
490,5,5,0
490,5,6,0
490,5,7,0
490,5,8,0
490,5,9,0
490,5,10,0
490,5,11,0
490,6,0,0
490,6,1,0
490,6,2,0
490,6,3,0
490,6,4,0
490,6,5,0
490,6,6,0
490,6,7,0
490,6,8,0
490,6,9,0
490,6,10,0
490,6,11,0
490,7,0,0
490,7,1,0
490,7,2,0
490,7,3,0
490,7,4,0
490,7,5,0
490,7,6,0
490,7,7,0
490,7,8,0
490,7,9,0
490,7,10,0
490,7,11,0
502,0,0,0
502,0,1,0
502,0,2,0
502,0,3,0
502,0,4,0
502,0,5,0
502,0,6,0
502,0,7,0
502,0,8,0
502,0,9,0
502,0,10,0
502,0,11,0
502,1,0,0
502,1,1,0
502,1,2,0
502,1,3,0
502,1,4,0
502,1,5,0
502,1,6,0
502,1,7,0
502,1,8,0
502,1,9,0
502,1,10,0
502,1,11,0
502,2,0,0
502,2,1,0
502,2,2,0
502,2,3,0
502,2,4,0
502,2,5,0
502,2,6,0
502,2,7,0
502,2,8,0
502,2,9,0
502,2,10,0
502,2,11,0
502,3,0,0
502,3,1,0
502,3,2,0
502,3,3,0
502,3,4,0
502,3,5,0
502,3,6,0
502,3,7,0
502,3,8,0
502,3,9,0
502,3,10,0
502,3,11,0
502,4,0,0
502,4,1,0
502,4,2,0
502,4,3,0
502,4,4,0
502,4,5,0
502,4,6,0
502,4,7,0
502,4,8,0
502,4,9,0
502,4,10,0
502,4,11,0
502,5,0,0
502,5,1,0
502,5,2,0
502,5,3,0
502,5,4,0
502,5,5,0
502,5,6,0
502,5,7,0
502,5,8,0
502,5,9,0
502,5,10,0
502,5,11,0
502,6,0,1
502,6,1,0
502,6,2,0
502,6,3,0
502,6,4,0
502,6,5,0
502,6,6,0
502,6,7,0
502,6,8,0
502,6,9,0
502,6,10,0
502,6,11,0
502,7,0,4
502,7,1,0
502,7,2,0
502,7,3,0
502,7,4,0
502,7,5,0
502,7,6,0
502,7,7,0
502,7,8,0
502,7,9,0
502,7,10,0
502,7,11,0
510,0,0,0
510,0,1,0
510,0,2,0
510,0,3,0
510,0,4,0
510,0,5,0
510,0,6,0
510,0,7,0
510,0,8,0
510,0,9,0
510,0,10,0
510,0,11,0
510,1,0,0
510,1,1,0
510,1,2,0
510,1,3,0
510,1,4,0
510,1,5,0
510,1,6,0
510,1,7,0
510,1,8,0
510,1,9,0
510,1,10,0
510,1,11,0
510,2,0,0
510,2,1,0
510,2,2,0
510,2,3,0
510,2,4,0
510,2,5,0
510,2,6,0
510,2,7,0
510,2,8,0
510,2,9,0
510,2,10,0
510,2,11,0
510,3,0,6
510,3,1,0
510,3,2,0
510,3,3,0
510,3,4,0
510,3,5,0
510,3,6,0
510,3,7,0
510,3,8,0
510,3,9,0
510,3,10,0
510,3,11,0
510,4,0,0
510,4,1,0
510,4,2,0
510,4,3,0
510,4,4,0
510,4,5,0
510,4,6,0
510,4,7,0
510,4,8,0
510,4,9,0
510,4,10,0
510,4,11,0
510,5,0,0
510,5,1,0
510,5,2,0
510,5,3,0
510,5,4,0
510,5,5,0
510,5,6,0
510,5,7,0
510,5,8,0
510,5,9,0
510,5,10,0
510,5,11,0
510,6,0,0
510,6,1,0
510,6,2,0
510,6,3,0
510,6,4,0
510,6,5,0
510,6,6,0
510,6,7,0
510,6,8,0
510,6,9,0
510,6,10,0
510,6,11,0
510,7,0,0
510,7,1,0
510,7,2,0
510,7,3,0
510,7,4,0
510,7,5,0
510,7,6,0
510,7,7,0
510,7,8,0
510,7,9,0
510,7,10,0
510,7,11,0
513,0,0,0
513,0,1,0
513,0,2,0
513,0,3,0
513,0,4,0
513,0,5,0
513,0,6,0
513,0,7,0
513,0,8,0
513,0,9,0
513,0,10,0
513,0,11,0
513,1,0,0
513,1,1,0
513,1,2,0
513,1,3,0
513,1,4,0
513,1,5,0
513,1,6,0
513,1,7,0
513,1,8,0
513,1,9,0
513,1,10,0
513,1,11,0
513,2,0,0
513,2,1,0
513,2,2,0
513,2,3,0
513,2,4,0
513,2,5,0
513,2,6,0
513,2,7,0
513,2,8,0
513,2,9,0
513,2,10,0
513,2,11,0
513,3,0,0
513,3,1,0
513,3,2,0
513,3,3,0
513,3,4,0
513,3,5,0
513,3,6,0
513,3,7,0
513,3,8,0
513,3,9,0
513,3,10,0
513,3,11,0
513,4,0,9
513,4,1,0
513,4,2,0
513,4,3,0
513,4,4,0
513,4,5,0
513,4,6,0
513,4,7,0
513,4,8,0
513,4,9,0
513,4,10,0
513,4,11,0
513,5,0,0
513,5,1,0
513,5,2,0
513,5,3,0
513,5,4,0
513,5,5,0
513,5,6,0
513,5,7,0
513,5,8,0
513,5,9,0
513,5,10,0
513,5,11,0
513,6,0,0
513,6,1,0
513,6,2,0
513,6,3,0
513,6,4,0
513,6,5,0
513,6,6,0
513,6,7,0
513,6,8,0
513,6,9,0
513,6,10,0
513,6,11,0
513,7,0,0
513,7,1,0
513,7,2,0
513,7,3,0
513,7,4,0
513,7,5,0
513,7,6,0
513,7,7,0
513,7,8,0
513,7,9,0
513,7,10,0
513,7,11,0
521,0,0,0
521,0,1,0
521,0,2,0
521,0,3,0
521,0,4,0
521,0,5,0
521,0,6,0
521,0,7,0
521,0,8,0
521,0,9,0
521,0,10,0
521,0,11,0
521,1,0,30
521,1,1,0
521,1,2,0
521,1,3,0
521,1,4,0
521,1,5,0
521,1,6,0
521,1,7,0
521,1,8,0
521,1,9,0
521,1,10,0
521,1,11,0
521,2,0,0
521,2,1,0
521,2,2,0
521,2,3,0
521,2,4,0
521,2,5,0
521,2,6,0
521,2,7,0
521,2,8,0
521,2,9,0
521,2,10,0
521,2,11,0
521,3,0,0
521,3,1,0
521,3,2,0
521,3,3,0
521,3,4,0
521,3,5,0
521,3,6,0
521,3,7,0
521,3,8,0
521,3,9,0
521,3,10,0
521,3,11,0
521,4,0,0
521,4,1,0
521,4,2,0
521,4,3,0
521,4,4,0
521,4,5,0
521,4,6,0
521,4,7,0
521,4,8,0
521,4,9,0
521,4,10,0
521,4,11,0
521,5,0,0
521,5,1,0
521,5,2,0
521,5,3,0
521,5,4,0
521,5,5,0
521,5,6,0
521,5,7,0
521,5,8,0
521,5,9,0
521,5,10,0
521,5,11,0
521,6,0,0
521,6,1,0
521,6,2,0
521,6,3,0
521,6,4,0
521,6,5,0
521,6,6,0
521,6,7,0
521,6,8,0
521,6,9,0
521,6,10,0
521,6,11,0
521,7,0,0
521,7,1,0
521,7,2,0
521,7,3,0
521,7,4,0
521,7,5,0
521,7,6,0
521,7,7,0
521,7,8,0
521,7,9,0
521,7,10,0
521,7,11,0
518,0,0,0
518,0,1,0
518,0,2,0
518,0,3,0
518,0,4,0
518,0,5,0
518,0,6,0
518,0,7,0
518,0,8,0
518,0,9,0
518,0,10,0
518,0,11,0
518,1,0,0
518,1,1,0
518,1,2,0
518,1,3,0
518,1,4,0
518,1,5,0
518,1,6,0
518,1,7,0
518,1,8,0
518,1,9,0
518,1,10,0
518,1,11,0
518,2,0,0
518,2,1,0
518,2,2,0
518,2,3,0
518,2,4,0
518,2,5,0
518,2,6,0
518,2,7,0
518,2,8,0
518,2,9,0
518,2,10,0
518,2,11,0
518,3,0,14
518,3,1,0
518,3,2,0
518,3,3,0
518,3,4,0
518,3,5,0
518,3,6,0
518,3,7,0
518,3,8,0
518,3,9,0
518,3,10,0
518,3,11,0
518,4,0,0
518,4,1,0
518,4,2,0
518,4,3,0
518,4,4,0
518,4,5,0
518,4,6,0
518,4,7,0
518,4,8,0
518,4,9,0
518,4,10,0
518,4,11,0
518,5,0,0
518,5,1,0
518,5,2,0
518,5,3,0
518,5,4,0
518,5,5,0
518,5,6,0
518,5,7,0
518,5,8,0
518,5,9,0
518,5,10,0
518,5,11,0
518,6,0,0
518,6,1,0
518,6,2,0
518,6,3,0
518,6,4,0
518,6,5,0
518,6,6,0
518,6,7,0
518,6,8,0
518,6,9,0
518,6,10,0
518,6,11,0
518,7,0,0
518,7,1,0
518,7,2,0
518,7,3,0
518,7,4,0
518,7,5,0
518,7,6,0
518,7,7,0
518,7,8,0
518,7,9,0
518,7,10,0
518,7,11,0
530,0,0,0
530,0,1,0
530,0,2,0
530,0,3,0
530,0,4,0
530,0,5,0
530,0,6,0
530,0,7,0
530,0,8,0
530,0,9,0
530,0,10,0
530,0,11,0
530,1,0,0
530,1,1,0
530,1,2,0
530,1,3,0
530,1,4,0
530,1,5,0
530,1,6,0
530,1,7,0
530,1,8,0
530,1,9,0
530,1,10,0
530,1,11,0
530,2,0,0
530,2,1,0
530,2,2,0
530,2,3,0
530,2,4,0
530,2,5,0
530,2,6,0
530,2,7,0
530,2,8,0
530,2,9,0
530,2,10,0
530,2,11,0
530,3,0,0
530,3,1,0
530,3,2,0
530,3,3,0
530,3,4,0
530,3,5,0
530,3,6,0
530,3,7,0
530,3,8,0
530,3,9,0
530,3,10,0
530,3,11,0
530,4,0,0
530,4,1,0
530,4,2,0
530,4,3,0
530,4,4,0
530,4,5,0
530,4,6,0
530,4,7,0
530,4,8,0
530,4,9,0
530,4,10,0
530,4,11,0
530,5,0,0
530,5,1,0
530,5,2,0
530,5,3,0
530,5,4,0
530,5,5,0
530,5,6,0
530,5,7,0
530,5,8,0
530,5,9,0
530,5,10,0
530,5,11,0
530,6,0,15
530,6,1,0
530,6,2,0
530,6,3,0
530,6,4,0
530,6,5,0
530,6,6,0
530,6,7,0
530,6,8,0
530,6,9,0
530,6,10,0
530,6,11,0
530,7,0,0
530,7,1,0
530,7,2,0
530,7,3,0
530,7,4,0
530,7,5,0
530,7,6,0
530,7,7,0
530,7,8,0
530,7,9,0
530,7,10,0
530,7,11,0
522,0,0,0
522,0,1,0
522,0,2,0
522,0,3,0
522,0,4,0
522,0,5,0
522,0,6,0
522,0,7,0
522,0,8,0
522,0,9,0
522,0,10,0
522,0,11,0
522,1,0,0
522,1,1,0
522,1,2,0
522,1,3,0
522,1,4,0
522,1,5,0
522,1,6,0
522,1,7,0
522,1,8,0
522,1,9,0
522,1,10,0
522,1,11,0
522,2,0,0
522,2,1,0
522,2,2,0
522,2,3,0
522,2,4,0
522,2,5,0
522,2,6,0
522,2,7,0
522,2,8,0
522,2,9,0
522,2,10,0
522,2,11,0
522,3,0,86
522,3,1,0
522,3,2,0
522,3,3,0
522,3,4,0
522,3,5,0
522,3,6,0
522,3,7,0
522,3,8,0
522,3,9,0
522,3,10,0
522,3,11,0
522,4,0,24
522,4,1,0
522,4,2,0
522,4,3,0
522,4,4,0
522,4,5,0
522,4,6,0
522,4,7,0
522,4,8,0
522,4,9,0
522,4,10,0
522,4,11,0
522,5,0,0
522,5,1,0
522,5,2,0
522,5,3,0
522,5,4,0
522,5,5,0
522,5,6,0
522,5,7,0
522,5,8,0
522,5,9,0
522,5,10,0
522,5,11,0
522,6,0,0
522,6,1,0
522,6,2,0
522,6,3,0
522,6,4,0
522,6,5,0
522,6,6,0
522,6,7,0
522,6,8,0
522,6,9,0
522,6,10,0
522,6,11,0
522,7,0,0
522,7,1,0
522,7,2,0
522,7,3,0
522,7,4,0
522,7,5,0
522,7,6,0
522,7,7,0
522,7,8,0
522,7,9,0
522,7,10,0
522,7,11,0
534,0,0,0
534,0,1,0
534,0,2,0
534,0,3,0
534,0,4,0
534,0,5,0
534,0,6,0
534,0,7,0
534,0,8,0
534,0,9,0
534,0,10,0
534,0,11,0
534,1,0,0
534,1,1,0
534,1,2,0
534,1,3,0
534,1,4,0
534,1,5,0
534,1,6,0
534,1,7,0
534,1,8,0
534,1,9,0
534,1,10,0
534,1,11,0
534,2,0,0
534,2,1,0
534,2,2,0
534,2,3,0
534,2,4,0
534,2,5,0
534,2,6,0
534,2,7,0
534,2,8,0
534,2,9,0
534,2,10,0
534,2,11,0
534,3,0,0
534,3,1,0
534,3,2,0
534,3,3,0
534,3,4,0
534,3,5,0
534,3,6,0
534,3,7,0
534,3,8,0
534,3,9,0
534,3,10,0
534,3,11,0
534,4,0,3
534,4,1,0
534,4,2,0
534,4,3,0
534,4,4,0
534,4,5,0
534,4,6,0
534,4,7,0
534,4,8,0
534,4,9,0
534,4,10,0
534,4,11,0
534,5,0,0
534,5,1,0
534,5,2,0
534,5,3,0
534,5,4,0
534,5,5,0
534,5,6,0
534,5,7,0
534,5,8,0
534,5,9,0
534,5,10,0
534,5,11,0
534,6,0,0
534,6,1,0
534,6,2,0
534,6,3,0
534,6,4,0
534,6,5,0
534,6,6,0
534,6,7,0
534,6,8,0
534,6,9,0
534,6,10,0
534,6,11,0
534,7,0,0
534,7,1,0
534,7,2,0
534,7,3,0
534,7,4,0
534,7,5,0
534,7,6,0
534,7,7,0
534,7,8,0
534,7,9,0
534,7,10,0
534,7,11,0
520,0,0,0
520,0,1,0
520,0,2,0
520,0,3,0
520,0,4,0
520,0,5,0
520,0,6,0
520,0,7,0
520,0,8,0
520,0,9,0
520,0,10,0
520,0,11,0
520,1,0,16
520,1,1,0
520,1,2,0
520,1,3,0
520,1,4,0
520,1,5,0
520,1,6,0
520,1,7,0
520,1,8,0
520,1,9,0
520,1,10,0
520,1,11,0
520,2,0,0
520,2,1,0
520,2,2,0
520,2,3,0
520,2,4,0
520,2,5,0
520,2,6,0
520,2,7,0
520,2,8,0
520,2,9,0
520,2,10,0
520,2,11,0
520,3,0,0
520,3,1,0
520,3,2,0
520,3,3,0
520,3,4,0
520,3,5,0
520,3,6,0
520,3,7,0
520,3,8,0
520,3,9,0
520,3,10,0
520,3,11,0
520,4,0,0
520,4,1,0
520,4,2,0
520,4,3,0
520,4,4,0
520,4,5,0
520,4,6,0
520,4,7,0
520,4,8,0
520,4,9,0
520,4,10,0
520,4,11,0
520,5,0,0
520,5,1,0
520,5,2,0
520,5,3,0
520,5,4,0
520,5,5,0
520,5,6,0
520,5,7,0
520,5,8,0
520,5,9,0
520,5,10,0
520,5,11,0
520,6,0,0
520,6,1,0
520,6,2,0
520,6,3,0
520,6,4,0
520,6,5,0
520,6,6,0
520,6,7,0
520,6,8,0
520,6,9,0
520,6,10,0
520,6,11,0
520,7,0,0
520,7,1,0
520,7,2,0
520,7,3,0
520,7,4,0
520,7,5,0
520,7,6,0
520,7,7,0
520,7,8,0
520,7,9,0
520,7,10,0
520,7,11,0
542,0,0,0
542,0,1,0
542,0,2,0
542,0,3,0
542,0,4,0
542,0,5,0
542,0,6,0
542,0,7,0
542,0,8,0
542,0,9,0
542,0,10,0
542,0,11,0
542,1,0,0
542,1,1,0
542,1,2,0
542,1,3,0
542,1,4,0
542,1,5,0
542,1,6,0
542,1,7,0
542,1,8,0
542,1,9,0
542,1,10,0
542,1,11,0
542,2,0,0
542,2,1,0
542,2,2,0
542,2,3,0
542,2,4,0
542,2,5,0
542,2,6,0
542,2,7,0
542,2,8,0
542,2,9,0
542,2,10,0
542,2,11,0
542,3,0,4
542,3,1,0
542,3,2,0
542,3,3,0
542,3,4,0
542,3,5,0
542,3,6,0
542,3,7,0
542,3,8,0
542,3,9,0
542,3,10,0
542,3,11,0
542,4,0,0
542,4,1,0
542,4,2,0
542,4,3,0
542,4,4,0
542,4,5,0
542,4,6,0
542,4,7,0
542,4,8,0
542,4,9,0
542,4,10,0
542,4,11,0
542,5,0,0
542,5,1,0
542,5,2,0
542,5,3,0
542,5,4,0
542,5,5,0
542,5,6,0
542,5,7,0
542,5,8,0
542,5,9,0
542,5,10,0
542,5,11,0
542,6,0,0
542,6,1,0
542,6,2,0
542,6,3,0
542,6,4,0
542,6,5,0
542,6,6,0
542,6,7,0
542,6,8,0
542,6,9,0
542,6,10,0
542,6,11,0
542,7,0,0
542,7,1,0
542,7,2,0
542,7,3,0
542,7,4,0
542,7,5,0
542,7,6,0
542,7,7,0
542,7,8,0
542,7,9,0
542,7,10,0
542,7,11,0
541,0,0,0
541,0,1,0
541,0,2,0
541,0,3,0
541,0,4,0
541,0,5,0
541,0,6,0
541,0,7,0
541,0,8,0
541,0,9,0
541,0,10,0
541,0,11,0
541,1,0,0
541,1,1,0
541,1,2,0
541,1,3,0
541,1,4,0
541,1,5,0
541,1,6,0
541,1,7,0
541,1,8,0
541,1,9,0
541,1,10,0
541,1,11,0
541,2,0,8
541,2,1,0
541,2,2,0
541,2,3,0
541,2,4,0
541,2,5,0
541,2,6,0
541,2,7,0
541,2,8,0
541,2,9,0
541,2,10,0
541,2,11,0
541,3,0,0
541,3,1,0
541,3,2,0
541,3,3,0
541,3,4,0
541,3,5,0
541,3,6,0
541,3,7,0
541,3,8,0
541,3,9,0
541,3,10,0
541,3,11,0
541,4,0,0
541,4,1,0
541,4,2,0
541,4,3,0
541,4,4,0
541,4,5,0
541,4,6,0
541,4,7,0
541,4,8,0
541,4,9,0
541,4,10,0
541,4,11,0
541,5,0,0
541,5,1,0
541,5,2,0
541,5,3,0
541,5,4,0
541,5,5,0
541,5,6,0
541,5,7,0
541,5,8,0
541,5,9,0
541,5,10,0
541,5,11,0
541,6,0,0
541,6,1,0
541,6,2,0
541,6,3,0
541,6,4,0
541,6,5,0
541,6,6,0
541,6,7,0
541,6,8,0
541,6,9,0
541,6,10,0
541,6,11,0
541,7,0,0
541,7,1,0
541,7,2,0
541,7,3,0
541,7,4,0
541,7,5,0
541,7,6,0
541,7,7,0
541,7,8,0
541,7,9,0
541,7,10,0
541,7,11,0
543,0,0,0
543,0,1,0
543,0,2,0
543,0,3,0
543,0,4,0
543,0,5,0
543,0,6,0
543,0,7,0
543,0,8,0
543,0,9,0
543,0,10,0
543,0,11,0
543,1,0,0
543,1,1,0
543,1,2,0
543,1,3,0
543,1,4,0
543,1,5,0
543,1,6,0
543,1,7,0
543,1,8,0
543,1,9,0
543,1,10,0
543,1,11,0
543,2,0,4
543,2,1,0
543,2,2,0
543,2,3,0
543,2,4,0
543,2,5,0
543,2,6,0
543,2,7,0
543,2,8,0
543,2,9,0
543,2,10,0
543,2,11,0
543,3,0,0
543,3,1,0
543,3,2,0
543,3,3,0
543,3,4,0
543,3,5,0
543,3,6,0
543,3,7,0
543,3,8,0
543,3,9,0
543,3,10,0
543,3,11,0
543,4,0,0
543,4,1,0
543,4,2,0
543,4,3,0
543,4,4,0
543,4,5,0
543,4,6,0
543,4,7,0
543,4,8,0
543,4,9,0
543,4,10,0
543,4,11,0
543,5,0,0
543,5,1,0
543,5,2,0
543,5,3,0
543,5,4,0
543,5,5,0
543,5,6,0
543,5,7,0
543,5,8,0
543,5,9,0
543,5,10,0
543,5,11,0
543,6,0,0
543,6,1,0
543,6,2,0
543,6,3,0
543,6,4,0
543,6,5,0
543,6,6,0
543,6,7,0
543,6,8,0
543,6,9,0
543,6,10,0
543,6,11,0
543,7,0,0
543,7,1,0
543,7,2,0
543,7,3,0
543,7,4,0
543,7,5,0
543,7,6,0
543,7,7,0
543,7,8,0
543,7,9,0
543,7,10,0
543,7,11,0
575,0,0,0
575,0,1,0
575,0,2,0
575,0,3,0
575,0,4,0
575,0,5,0
575,0,6,0
575,0,7,0
575,0,8,0
575,0,9,0
575,0,10,0
575,0,11,0
575,1,0,0
575,1,1,0
575,1,2,0
575,1,3,0
575,1,4,0
575,1,5,0
575,1,6,0
575,1,7,0
575,1,8,0
575,1,9,0
575,1,10,0
575,1,11,0
575,2,0,0
575,2,1,0
575,2,2,0
575,2,3,0
575,2,4,0
575,2,5,0
575,2,6,0
575,2,7,0
575,2,8,0
575,2,9,0
575,2,10,0
575,2,11,0
575,3,0,0
575,3,1,0
575,3,2,0
575,3,3,22
575,3,4,79
575,3,5,25
575,3,6,13
575,3,7,0
575,3,8,0
575,3,9,0
575,3,10,0
575,3,11,0
575,4,0,0
575,4,1,0
575,4,2,0
575,4,3,5
575,4,4,0
575,4,5,0
575,4,6,0
575,4,7,0
575,4,8,0
575,4,9,0
575,4,10,0
575,4,11,0
575,5,0,0
575,5,1,0
575,5,2,0
575,5,3,0
575,5,4,0
575,5,5,0
575,5,6,0
575,5,7,0
575,5,8,0
575,5,9,0
575,5,10,0
575,5,11,0
575,6,0,0
575,6,1,0
575,6,2,0
575,6,3,0
575,6,4,0
575,6,5,0
575,6,6,0
575,6,7,0
575,6,8,0
575,6,9,0
575,6,10,0
575,6,11,0
575,7,0,0
575,7,1,0
575,7,2,0
575,7,3,0
575,7,4,0
575,7,5,0
575,7,6,0
575,7,7,0
575,7,8,0
575,7,9,0
575,7,10,0
575,7,11,0
579,0,0,0
579,0,1,0
579,0,2,0
579,0,3,0
579,0,4,0
579,0,5,0
579,0,6,0
579,0,7,0
579,0,8,0
579,0,9,0
579,0,10,0
579,0,11,0
579,1,0,0
579,1,1,0
579,1,2,0
579,1,3,0
579,1,4,0
579,1,5,0
579,1,6,0
579,1,7,0
579,1,8,0
579,1,9,0
579,1,10,0
579,1,11,0
579,2,0,0
579,2,1,0
579,2,2,0
579,2,3,43
579,2,4,54
579,2,5,25
579,2,6,0
579,2,7,0
579,2,8,0
579,2,9,0
579,2,10,0
579,2,11,0
579,3,0,0
579,3,1,0
579,3,2,0
579,3,3,21
579,3,4,0
579,3,5,0
579,3,6,0
579,3,7,0
579,3,8,0
579,3,9,0
579,3,10,0
579,3,11,0
579,4,0,0
579,4,1,0
579,4,2,0
579,4,3,0
579,4,4,0
579,4,5,0
579,4,6,0
579,4,7,0
579,4,8,0
579,4,9,0
579,4,10,0
579,4,11,0
579,5,0,0
579,5,1,0
579,5,2,0
579,5,3,0
579,5,4,0
579,5,5,0
579,5,6,0
579,5,7,0
579,5,8,0
579,5,9,0
579,5,10,0
579,5,11,0
579,6,0,0
579,6,1,0
579,6,2,0
579,6,3,0
579,6,4,0
579,6,5,0
579,6,6,0
579,6,7,0
579,6,8,0
579,6,9,0
579,6,10,0
579,6,11,0
579,7,0,0
579,7,1,0
579,7,2,0
579,7,3,0
579,7,4,0
579,7,5,0
579,7,6,0
579,7,7,0
579,7,8,0
579,7,9,0
579,7,10,0
579,7,11,0
582,0,0,0
582,0,1,0
582,0,2,0
582,0,3,0
582,0,4,0
582,0,5,0
582,0,6,0
582,0,7,0
582,0,8,0
582,0,9,0
582,0,10,0
582,0,11,0
582,1,0,0
582,1,1,0
582,1,2,0
582,1,3,0
582,1,4,0
582,1,5,0
582,1,6,0
582,1,7,0
582,1,8,0
582,1,9,0
582,1,10,0
582,1,11,0
582,2,0,0
582,2,1,0
582,2,2,0
582,2,3,0
582,2,4,0
582,2,5,0
582,2,6,0
582,2,7,0
582,2,8,0
582,2,9,0
582,2,10,0
582,2,11,0
582,3,0,0
582,3,1,0
582,3,2,0
582,3,3,0
582,3,4,65
582,3,5,42
582,3,6,27
582,3,7,2
582,3,8,0
582,3,9,0
582,3,10,0
582,3,11,0
582,4,0,0
582,4,1,0
582,4,2,0
582,4,3,0
582,4,4,0
582,4,5,0
582,4,6,0
582,4,7,0
582,4,8,0
582,4,9,0
582,4,10,0
582,4,11,0
582,5,0,0
582,5,1,0
582,5,2,0
582,5,3,0
582,5,4,0
582,5,5,0
582,5,6,0
582,5,7,0
582,5,8,0
582,5,9,0
582,5,10,0
582,5,11,0
582,6,0,0
582,6,1,0
582,6,2,0
582,6,3,0
582,6,4,0
582,6,5,0
582,6,6,0
582,6,7,0
582,6,8,0
582,6,9,0
582,6,10,0
582,6,11,0
582,7,0,0
582,7,1,0
582,7,2,0
582,7,3,0
582,7,4,0
582,7,5,0
582,7,6,0
582,7,7,0
582,7,8,0
582,7,9,0
582,7,10,0
582,7,11,0
581,0,0,0
581,0,1,0
581,0,2,0
581,0,3,0
581,0,4,0
581,0,5,0
581,0,6,0
581,0,7,0
581,0,8,0
581,0,9,0
581,0,10,0
581,0,11,0
581,1,0,0
581,1,1,0
581,1,2,0
581,1,3,0
581,1,4,0
581,1,5,0
581,1,6,0
581,1,7,0
581,1,8,0
581,1,9,0
581,1,10,0
581,1,11,0
581,2,0,0
581,2,1,0
581,2,2,0
581,2,3,0
581,2,4,0
581,2,5,0
581,2,6,0
581,2,7,0
581,2,8,0
581,2,9,0
581,2,10,0
581,2,11,0
581,3,0,0
581,3,1,0
581,3,2,0
581,3,3,0
581,3,4,0
581,3,5,0
581,3,6,0
581,3,7,0
581,3,8,0
581,3,9,0
581,3,10,0
581,3,11,0
581,4,0,0
581,4,1,0
581,4,2,0
581,4,3,0
581,4,4,0
581,4,5,0
581,4,6,0
581,4,7,0
581,4,8,0
581,4,9,0
581,4,10,0
581,4,11,0
581,5,0,0
581,5,1,0
581,5,2,0
581,5,3,38
581,5,4,33
581,5,5,44
581,5,6,19
581,5,7,0
581,5,8,0
581,5,9,0
581,5,10,0
581,5,11,0
581,6,0,0
581,6,1,0
581,6,2,0
581,6,3,0
581,6,4,0
581,6,5,0
581,6,6,0
581,6,7,0
581,6,8,0
581,6,9,0
581,6,10,0
581,6,11,0
581,7,0,0
581,7,1,0
581,7,2,0
581,7,3,0
581,7,4,0
581,7,5,0
581,7,6,0
581,7,7,0
581,7,8,0
581,7,9,0
581,7,10,0
581,7,11,0
591,0,0,0
591,0,1,0
591,0,2,0
591,0,3,0
591,0,4,0
591,0,5,0
591,0,6,0
591,0,7,0
591,0,8,0
591,0,9,0
591,0,10,0
591,0,11,0
591,1,0,0
591,1,1,0
591,1,2,0
591,1,3,0
591,1,4,0
591,1,5,0
591,1,6,0
591,1,7,0
591,1,8,0
591,1,9,0
591,1,10,0
591,1,11,0
591,2,0,0
591,2,1,0
591,2,2,0
591,2,3,0
591,2,4,0
591,2,5,0
591,2,6,0
591,2,7,0
591,2,8,0
591,2,9,0
591,2,10,0
591,2,11,0
591,3,0,0
591,3,1,0
591,3,2,0
591,3,3,0
591,3,4,0
591,3,5,0
591,3,6,0
591,3,7,0
591,3,8,0
591,3,9,0
591,3,10,0
591,3,11,0
591,4,0,0
591,4,1,0
591,4,2,0
591,4,3,0
591,4,4,35
591,4,5,72
591,4,6,20
591,4,7,0
591,4,8,0
591,4,9,0
591,4,10,0
591,4,11,0
591,5,0,0
591,5,1,0
591,5,2,0
591,5,3,0
591,5,4,0
591,5,5,0
591,5,6,0
591,5,7,0
591,5,8,0
591,5,9,0
591,5,10,0
591,5,11,0
591,6,0,0
591,6,1,0
591,6,2,0
591,6,3,0
591,6,4,0
591,6,5,0
591,6,6,0
591,6,7,0
591,6,8,0
591,6,9,0
591,6,10,0
591,6,11,0
591,7,0,0
591,7,1,0
591,7,2,0
591,7,3,0
591,7,4,0
591,7,5,0
591,7,6,0
591,7,7,0
591,7,8,0
591,7,9,0
591,7,10,0
591,7,11,0
621,0,0,0
621,0,1,0
621,0,2,0
621,0,3,0
621,0,4,0
621,0,5,0
621,0,6,0
621,0,7,0
621,0,8,0
621,0,9,0
621,0,10,0
621,0,11,0
621,1,0,5
621,1,1,0
621,1,2,0
621,1,3,0
621,1,4,0
621,1,5,0
621,1,6,0
621,1,7,0
621,1,8,0
621,1,9,0
621,1,10,0
621,1,11,0
621,2,0,0
621,2,1,0
621,2,2,0
621,2,3,0
621,2,4,0
621,2,5,0
621,2,6,0
621,2,7,0
621,2,8,0
621,2,9,0
621,2,10,0
621,2,11,0
621,3,0,0
621,3,1,0
621,3,2,0
621,3,3,0
621,3,4,0
621,3,5,0
621,3,6,0
621,3,7,0
621,3,8,0
621,3,9,0
621,3,10,0
621,3,11,0
621,4,0,0
621,4,1,0
621,4,2,0
621,4,3,0
621,4,4,0
621,4,5,0
621,4,6,0
621,4,7,0
621,4,8,0
621,4,9,0
621,4,10,0
621,4,11,0
621,5,0,0
621,5,1,0
621,5,2,0
621,5,3,0
621,5,4,0
621,5,5,0
621,5,6,0
621,5,7,0
621,5,8,0
621,5,9,0
621,5,10,0
621,5,11,0
621,6,0,0
621,6,1,0
621,6,2,0
621,6,3,0
621,6,4,0
621,6,5,0
621,6,6,0
621,6,7,0
621,6,8,0
621,6,9,0
621,6,10,0
621,6,11,0
621,7,0,0
621,7,1,0
621,7,2,0
621,7,3,0
621,7,4,0
621,7,5,0
621,7,6,0
621,7,7,0
621,7,8,0
621,7,9,0
621,7,10,0
621,7,11,0
631,0,0,0
631,0,1,0
631,0,2,0
631,0,3,0
631,0,4,0
631,0,5,0
631,0,6,0
631,0,7,0
631,0,8,0
631,0,9,0
631,0,10,0
631,0,11,0
631,1,0,1
631,1,1,0
631,1,2,0
631,1,3,0
631,1,4,0
631,1,5,0
631,1,6,0
631,1,7,0
631,1,8,0
631,1,9,0
631,1,10,0
631,1,11,0
631,2,0,0
631,2,1,0
631,2,2,0
631,2,3,0
631,2,4,0
631,2,5,0
631,2,6,0
631,2,7,0
631,2,8,0
631,2,9,0
631,2,10,0
631,2,11,0
631,3,0,0
631,3,1,0
631,3,2,0
631,3,3,0
631,3,4,0
631,3,5,0
631,3,6,0
631,3,7,0
631,3,8,0
631,3,9,0
631,3,10,0
631,3,11,0
631,4,0,0
631,4,1,0
631,4,2,0
631,4,3,0
631,4,4,0
631,4,5,0
631,4,6,0
631,4,7,0
631,4,8,0
631,4,9,0
631,4,10,0
631,4,11,0
631,5,0,0
631,5,1,0
631,5,2,0
631,5,3,0
631,5,4,0
631,5,5,0
631,5,6,0
631,5,7,0
631,5,8,0
631,5,9,0
631,5,10,0
631,5,11,0
631,6,0,0
631,6,1,0
631,6,2,0
631,6,3,0
631,6,4,0
631,6,5,0
631,6,6,0
631,6,7,0
631,6,8,0
631,6,9,0
631,6,10,0
631,6,11,0
631,7,0,0
631,7,1,0
631,7,2,0
631,7,3,0
631,7,4,0
631,7,5,0
631,7,6,0
631,7,7,0
631,7,8,0
631,7,9,0
631,7,10,0
631,7,11,0
635,0,0,0
635,0,1,0
635,0,2,0
635,0,3,0
635,0,4,0
635,0,5,0
635,0,6,0
635,0,7,0
635,0,8,0
635,0,9,0
635,0,10,0
635,0,11,0
635,1,0,15
635,1,1,0
635,1,2,0
635,1,3,0
635,1,4,0
635,1,5,0
635,1,6,0
635,1,7,0
635,1,8,0
635,1,9,0
635,1,10,0
635,1,11,0
635,2,0,0
635,2,1,0
635,2,2,0
635,2,3,0
635,2,4,0
635,2,5,0
635,2,6,0
635,2,7,0
635,2,8,0
635,2,9,0
635,2,10,0
635,2,11,0
635,3,0,0
635,3,1,0
635,3,2,0
635,3,3,0
635,3,4,0
635,3,5,0
635,3,6,0
635,3,7,0
635,3,8,0
635,3,9,0
635,3,10,0
635,3,11,0
635,4,0,0
635,4,1,0
635,4,2,0
635,4,3,0
635,4,4,0
635,4,5,0
635,4,6,0
635,4,7,0
635,4,8,0
635,4,9,0
635,4,10,0
635,4,11,0
635,5,0,0
635,5,1,0
635,5,2,0
635,5,3,0
635,5,4,0
635,5,5,0
635,5,6,0
635,5,7,0
635,5,8,0
635,5,9,0
635,5,10,0
635,5,11,0
635,6,0,0
635,6,1,0
635,6,2,0
635,6,3,0
635,6,4,0
635,6,5,0
635,6,6,0
635,6,7,0
635,6,8,0
635,6,9,0
635,6,10,0
635,6,11,0
635,7,0,0
635,7,1,0
635,7,2,0
635,7,3,0
635,7,4,0
635,7,5,0
635,7,6,0
635,7,7,0
635,7,8,0
635,7,9,0
635,7,10,0
635,7,11,0
